DATA__2016 07/31/ 02:45 30__WIN1,1
,0001 teme
,,-1,-1,-1,-1,-1,-1,-1,-1,-1,-1,-1,-1,-1,-1,-1,
,,-1,-1,-1,-1,-1,-1,-1,-1,-1,-1,-1,-1,-1,-1,-1,
,,-1,-1,-1,-1,-1,-1,-1,-1,-1,-1,-1,-1,-1,-1,-1,
,,-1,-1,-1,-1,-1,-1,-1,-1,-1,-1,-1,-1,-1,-1,-1,
,,-1,-1,-1,-1,-1,-1,-1,-1,-1,-1,-1,-1,-1,-1,-1,
,,-1,-1,-1,-1,-1,-1,-1,-1,-1,-1,-1,-1,-1,-1,-1,
,,-1,-1,-1,-1,-1,-1,-1,-1,-1,-1,-1,-1,-1,-1,-1,
,,-1,-1,-1,-1,-1,-1,-1,-1,-1,-1,-1,-1,-1,-1,-1,
,,-1,-1,-1,-1,-1,-1,-1,-1,-1,-1,-1,-1,-1,-1,-1,
,,-1,-1,-1,-1,-1,-1,-1,-1,-1,-1,-1,-1,-1,-1,-1,
,,-1,-1,-1,-1,-1,-1,-1,-1,-1,-1,-1,-1,-1,-1,-1,
,,0,-1,-1,-1,-1,-1,-1,-1,-1,-1,-1,-1,-1,-1,-1,
,,-1,-1,-1,-1,-1,-1,-1,-1,-1,-1,-1,-1,-1,-1,-1,
,,-1,-1,-1,-1,-1,-1,-1,-1,-1,-1,-1,-1,-1,-1,-1,
,,-1,-1,-1,-1,-1,-1,-1,-1,-1,-1,-1,-1,-1,-1,-1,
,,11,0,0,0,0,0,0,0,0,0,0,0,0,0,0,
,0002 teme
,,-1,-1,-1,-1,-1,-1,-1,-1,-1,-1,-1,-1,-1,-1,-1,
,,-1,-1,-1,-1,-1,-1,-1,-1,-1,-1,-1,-1,-1,-1,-1,
,,-1,-1,-1,-1,-1,-1,-1,-1,-1,-1,-1,-1,-1,-1,-1,
,,-1,-1,-1,-1,-1,-1,-1,-1,-1,-1,-1,-1,-1,-1,-1,
,,-1,-1,-1,-1,-1,-1,-1,-1,-1,-1,-1,-1,-1,-1,-1,
,,-1,-1,-1,-1,-1,-1,-1,-1,-1,-1,-1,-1,-1,-1,-1,
,,-1,-1,-1,-1,-1,-1,-1,-1,-1,-1,-1,-1,-1,-1,-1,
,,-1,-1,-1,-1,-1,-1,-1,-1,-1,-1,-1,-1,-1,-1,-1,
,,-1,-1,-1,-1,-1,-1,-1,-1,-1,-1,-1,-1,-1,-1,-1,
,,-1,-1,-1,-1,-1,-1,-1,-1,-1,-1,-1,-1,-1,-1,-1,
,,-1,1,-1,-1,-1,-1,-1,-1,-1,-1,-1,-1,-1,-1,-1,
,,0,-1,-1,-1,-1,-1,-1,-1,-1,-1,-1,-1,-1,-1,-1,
,,-1,-1,-1,-1,-1,-1,-1,-1,-1,-1,-1,-1,-1,-1,-1,
,,-1,-1,-1,-1,-1,-1,-1,-1,-1,-1,-1,-1,-1,-1,-1,
,,-1,-1,-1,-1,-1,-1,-1,-1,-1,-1,-1,-1,-1,-1,-1,
,,10,1,0,0,0,0,0,0,0,0,0,0,0,0,0,
,0003 teme
,,-1,-1,-1,-1,-1,-1,-1,-1,-1,-1,-1,-1,-1,-1,-1,
,,-1,-1,-1,-1,-1,-1,-1,-1,-1,-1,-1,-1,-1,-1,-1,
,,-1,-1,-1,-1,-1,-1,-1,-1,-1,-1,-1,-1,-1,-1,-1,
,,-1,-1,-1,-1,-1,-1,-1,-1,-1,-1,-1,-1,-1,-1,-1,
,,-1,-1,-1,-1,-1,-1,-1,-1,-1,-1,-1,-1,-1,-1,-1,
,,-1,-1,-1,-1,-1,-1,-1,-1,-1,-1,-1,-1,-1,-1,-1,
,,-1,-1,-1,-1,-1,-1,-1,-1,-1,-1,-1,-1,-1,-1,-1,
,,-1,-1,-1,-1,-1,-1,0,-1,-1,-1,-1,-1,-1,-1,-1,
,,-1,-1,-1,-1,-1,-1,-1,-1,-1,-1,-1,-1,-1,-1,-1,
,,-1,-1,-1,-1,-1,-1,-1,-1,-1,-1,-1,-1,-1,-1,-1,
,,-1,1,-1,-1,-1,-1,-1,-1,-1,-1,-1,-1,-1,-1,-1,
,,0,-1,-1,-1,-1,-1,-1,-1,-1,-1,-1,-1,-1,-1,-1,
,,-1,-1,-1,-1,-1,-1,-1,-1,-1,-1,-1,-1,-1,-1,-1,
,,-1,-1,-1,-1,-1,-1,-1,-1,-1,-1,-1,-1,-1,-1,-1,
,,-1,-1,-1,-1,-1,-1,-1,-1,-1,-1,-1,-1,-1,-1,-1,
,,7,6,0,0,0,0,0,0,0,0,0,0,0,0,0,
,0004 teme
,,-1,-1,-1,-1,-1,-1,-1,-1,-1,-1,-1,-1,-1,-1,-1,
,,-1,-1,-1,-1,-1,-1,-1,-1,-1,-1,-1,-1,-1,-1,-1,
,,-1,-1,-1,-1,-1,-1,-1,-1,-1,-1,-1,-1,-1,-1,-1,
,,-1,-1,-1,-1,-1,-1,-1,-1,-1,-1,-1,-1,-1,-1,-1,
,,-1,-1,-1,-1,-1,-1,-1,-1,-1,-1,-1,-1,-1,-1,-1,
,,-1,-1,-1,-1,-1,-1,-1,-1,-1,-1,-1,-1,-1,-1,-1,
,,-1,-1,-1,-1,-1,-1,-1,-1,-1,-1,-1,-1,-1,-1,-1,
,,-1,-1,-1,-1,-1,-1,0,-1,-1,-1,-1,-1,-1,-1,-1,
,,-1,-1,-1,-1,-1,-1,-1,-1,-1,-1,-1,-1,-1,-1,-1,
,,-1,-1,1,-1,-1,-1,-1,-1,-1,-1,-1,-1,-1,-1,-1,
,,-1,1,-1,-1,-1,-1,-1,-1,-1,-1,-1,-1,-1,-1,-1,
,,0,-1,-1,-1,-1,-1,-1,-1,-1,-1,-1,-1,-1,-1,-1,
,,-1,-1,-1,-1,-1,-1,-1,-1,-1,-1,-1,-1,-1,-1,-1,
,,-1,-1,-1,-1,-1,-1,-1,-1,-1,-1,-1,-1,-1,-1,-1,
,,-1,-1,-1,-1,-1,-1,-1,-1,-1,-1,-1,-1,-1,-1,-1,
,,9,2,0,0,0,0,0,0,0,0,0,0,0,0,0,
,0005 teme
,,-1,-1,-1,-1,-1,-1,-1,-1,-1,-1,-1,-1,-1,-1,-1,
,,-1,-1,-1,-1,-1,-1,-1,-1,-1,-1,-1,-1,-1,-1,-1,
,,-1,-1,-1,-1,-1,-1,-1,-1,-1,-1,-1,-1,-1,-1,-1,
,,-1,-1,-1,-1,-1,-1,-1,-1,-1,-1,-1,-1,-1,-1,-1,
,,-1,-1,-1,-1,-1,-1,-1,-1,-1,-1,-1,-1,-1,-1,-1,
,,-1,-1,-1,-1,-1,-1,-1,-1,-1,-1,-1,-1,-1,-1,-1,
,,-1,-1,-1,-1,-1,-1,-1,-1,-1,-1,-1,-1,-1,-1,-1,
,,-1,-1,-1,-1,-1,-1,0,-1,-1,-1,-1,-1,-1,-1,-1,
,,-1,-1,-1,-1,-1,-1,-1,-1,-1,-1,-1,-1,-1,-1,-1,
,,-1,-1,1,-1,-1,-1,-1,-1,0,-1,-1,-1,-1,-1,-1,
,,-1,1,-1,-1,-1,-1,-1,-1,-1,-1,-1,-1,-1,-1,-1,
,,0,-1,-1,-1,-1,-1,-1,-1,-1,-1,-1,-1,-1,-1,-1,
,,-1,-1,-1,-1,-1,-1,-1,-1,-1,-1,-1,-1,-1,-1,-1,
,,-1,-1,-1,-1,-1,-1,-1,-1,-1,-1,-1,-1,-1,-1,-1,
,,-1,-1,-1,-1,-1,-1,-1,-1,-1,-1,-1,-1,-1,-1,-1,
,,9,8,0,0,0,0,0,0,0,0,0,0,0,0,0,
,0006 teme
,,-1,-1,-1,-1,-1,-1,-1,-1,-1,-1,-1,-1,-1,-1,-1,
,,-1,-1,-1,-1,-1,-1,-1,-1,-1,-1,-1,-1,-1,-1,-1,
,,-1,-1,-1,-1,-1,-1,-1,-1,-1,-1,-1,-1,-1,-1,-1,
,,-1,-1,-1,-1,-1,-1,-1,-1,-1,-1,-1,-1,-1,-1,-1,
,,-1,-1,-1,-1,-1,-1,-1,-1,-1,-1,-1,-1,-1,-1,-1,
,,-1,-1,-1,-1,-1,-1,-1,-1,-1,-1,-1,-1,-1,-1,-1,
,,-1,-1,-1,-1,-1,-1,-1,-1,-1,-1,-1,-1,-1,-1,-1,
,,-1,-1,-1,-1,-1,-1,0,-1,-1,-1,-1,-1,-1,-1,-1,
,,-1,-1,-1,1,-1,-1,-1,-1,-1,-1,-1,-1,-1,-1,-1,
,,-1,-1,1,-1,-1,-1,-1,-1,0,-1,-1,-1,-1,-1,-1,
,,-1,1,-1,-1,-1,-1,-1,-1,-1,-1,-1,-1,-1,-1,-1,
,,0,-1,-1,-1,-1,-1,-1,-1,-1,-1,-1,-1,-1,-1,-1,
,,-1,-1,-1,-1,-1,-1,-1,-1,-1,-1,-1,-1,-1,-1,-1,
,,-1,-1,-1,-1,-1,-1,-1,-1,-1,-1,-1,-1,-1,-1,-1,
,,-1,-1,-1,-1,-1,-1,-1,-1,-1,-1,-1,-1,-1,-1,-1,
,,8,3,0,0,0,0,0,0,0,0,0,0,0,0,0,
,0007 teme
,,-1,-1,-1,-1,-1,-1,-1,-1,-1,-1,-1,-1,-1,-1,-1,
,,-1,-1,-1,-1,-1,-1,-1,-1,-1,-1,-1,-1,-1,-1,-1,
,,-1,-1,-1,-1,-1,-1,-1,-1,-1,-1,-1,-1,-1,-1,-1,
,,-1,-1,-1,-1,-1,-1,-1,-1,-1,-1,-1,-1,-1,-1,-1,
,,-1,-1,-1,-1,-1,-1,-1,-1,-1,-1,-1,-1,-1,-1,-1,
,,-1,-1,-1,-1,-1,-1,-1,-1,-1,-1,-1,-1,-1,-1,-1,
,,-1,-1,-1,-1,-1,-1,-1,-1,-1,-1,-1,-1,-1,-1,-1,
,,-1,-1,-1,-1,-1,-1,0,-1,-1,-1,-1,-1,-1,-1,-1,
,,-1,-1,-1,1,-1,-1,-1,0,-1,-1,-1,-1,-1,-1,-1,
,,-1,-1,1,-1,-1,-1,-1,-1,0,-1,-1,-1,-1,-1,-1,
,,-1,1,-1,-1,-1,-1,-1,-1,-1,-1,-1,-1,-1,-1,-1,
,,0,-1,-1,-1,-1,-1,-1,-1,-1,-1,-1,-1,-1,-1,-1,
,,-1,-1,-1,-1,-1,-1,-1,-1,-1,-1,-1,-1,-1,-1,-1,
,,-1,-1,-1,-1,-1,-1,-1,-1,-1,-1,-1,-1,-1,-1,-1,
,,-1,-1,-1,-1,-1,-1,-1,-1,-1,-1,-1,-1,-1,-1,-1,
,,8,7,0,0,0,0,0,0,0,0,0,0,0,0,0,
,0008 teme
,,-1,-1,-1,-1,-1,-1,-1,-1,-1,-1,-1,-1,-1,-1,-1,
,,-1,-1,-1,-1,-1,-1,-1,-1,-1,-1,-1,-1,-1,-1,-1,
,,-1,-1,-1,-1,-1,-1,-1,-1,-1,-1,-1,-1,-1,-1,-1,
,,-1,-1,-1,-1,-1,-1,-1,-1,-1,-1,-1,-1,-1,-1,-1,
,,-1,-1,-1,-1,-1,-1,-1,-1,-1,-1,-1,-1,-1,-1,-1,
,,-1,-1,-1,-1,-1,-1,-1,-1,-1,-1,-1,-1,-1,-1,-1,
,,-1,-1,-1,-1,-1,1,-1,-1,-1,-1,-1,-1,-1,-1,-1,
,,-1,-1,-1,-1,-1,-1,0,-1,-1,-1,-1,-1,-1,-1,-1,
,,-1,-1,-1,1,-1,-1,-1,0,-1,-1,-1,-1,-1,-1,-1,
,,-1,-1,1,-1,-1,-1,-1,-1,0,-1,-1,-1,-1,-1,-1,
,,-1,1,-1,-1,-1,-1,-1,-1,-1,-1,-1,-1,-1,-1,-1,
,,0,-1,-1,-1,-1,-1,-1,-1,-1,-1,-1,-1,-1,-1,-1,
,,-1,-1,-1,-1,-1,-1,-1,-1,-1,-1,-1,-1,-1,-1,-1,
,,-1,-1,-1,-1,-1,-1,-1,-1,-1,-1,-1,-1,-1,-1,-1,
,,-1,-1,-1,-1,-1,-1,-1,-1,-1,-1,-1,-1,-1,-1,-1,
,,6,5,0,0,0,0,0,0,0,0,0,0,0,0,0,
,0009 teme
,,-1,-1,-1,-1,-1,-1,-1,-1,-1,-1,-1,-1,-1,-1,-1,
,,-1,-1,-1,-1,-1,-1,-1,-1,-1,-1,-1,-1,-1,-1,-1,
,,-1,-1,-1,-1,-1,-1,-1,-1,-1,-1,-1,-1,-1,-1,-1,
,,-1,-1,-1,-1,-1,-1,-1,-1,-1,-1,-1,-1,-1,-1,-1,
,,-1,-1,-1,-1,-1,-1,-1,-1,-1,-1,-1,-1,-1,-1,-1,
,,-1,-1,-1,-1,-1,-1,-1,-1,-1,-1,-1,-1,-1,-1,-1,
,,-1,-1,-1,-1,-1,1,-1,-1,-1,-1,-1,-1,-1,-1,-1,
,,-1,-1,-1,-1,0,-1,0,-1,-1,-1,-1,-1,-1,-1,-1,
,,-1,-1,-1,1,-1,-1,-1,0,-1,-1,-1,-1,-1,-1,-1,
,,-1,-1,1,-1,-1,-1,-1,-1,0,-1,-1,-1,-1,-1,-1,
,,-1,1,-1,-1,-1,-1,-1,-1,-1,-1,-1,-1,-1,-1,-1,
,,0,-1,-1,-1,-1,-1,-1,-1,-1,-1,-1,-1,-1,-1,-1,
,,-1,-1,-1,-1,-1,-1,-1,-1,-1,-1,-1,-1,-1,-1,-1,
,,-1,-1,-1,-1,-1,-1,-1,-1,-1,-1,-1,-1,-1,-1,-1,
,,-1,-1,-1,-1,-1,-1,-1,-1,-1,-1,-1,-1,-1,-1,-1,
,,7,4,0,0,0,0,0,0,0,0,0,0,0,0,0,
,0010 teme
,,-1,-1,-1,-1,-1,-1,-1,-1,-1,-1,-1,-1,-1,-1,-1,
,,-1,-1,-1,-1,-1,-1,-1,-1,-1,-1,-1,-1,-1,-1,-1,
,,-1,-1,-1,-1,-1,-1,-1,-1,-1,-1,-1,-1,-1,-1,-1,
,,-1,-1,-1,-1,-1,-1,-1,-1,-1,-1,-1,-1,-1,-1,-1,
,,-1,-1,-1,-1,-1,-1,-1,-1,-1,-1,-1,-1,-1,-1,-1,
,,-1,-1,-1,-1,-1,-1,-1,-1,-1,-1,-1,-1,-1,-1,-1,
,,-1,-1,-1,-1,-1,1,-1,-1,-1,-1,-1,-1,-1,-1,-1,
,,-1,-1,-1,-1,0,-1,0,-1,-1,-1,-1,-1,-1,-1,-1,
,,-1,-1,-1,1,-1,-1,-1,0,-1,-1,-1,-1,-1,-1,-1,
,,-1,-1,1,-1,-1,-1,-1,-1,0,-1,-1,-1,-1,-1,-1,
,,-1,1,-1,-1,-1,-1,-1,-1,-1,1,-1,-1,-1,-1,-1,
,,0,-1,-1,-1,-1,-1,-1,-1,-1,-1,-1,-1,-1,-1,-1,
,,-1,-1,-1,-1,-1,-1,-1,-1,-1,-1,-1,-1,-1,-1,-1,
,,-1,-1,-1,-1,-1,-1,-1,-1,-1,-1,-1,-1,-1,-1,-1,
,,-1,-1,-1,-1,-1,-1,-1,-1,-1,-1,-1,-1,-1,-1,-1,
,,10,9,0,0,0,0,0,0,0,0,0,0,0,0,0,
,0011 teme
,,-1,-1,-1,-1,-1,-1,-1,-1,-1,-1,-1,-1,-1,-1,-1,
,,-1,-1,-1,-1,-1,-1,-1,-1,-1,-1,-1,-1,-1,-1,-1,
,,-1,-1,-1,-1,-1,-1,-1,-1,-1,-1,-1,-1,-1,-1,-1,
,,-1,-1,-1,-1,-1,-1,-1,-1,-1,-1,-1,-1,-1,-1,-1,
,,-1,-1,-1,-1,-1,-1,-1,-1,-1,-1,-1,-1,-1,-1,-1,
,,-1,-1,-1,-1,-1,-1,-1,-1,-1,-1,-1,-1,-1,-1,-1,
,,-1,-1,-1,-1,-1,1,-1,-1,-1,-1,-1,-1,-1,-1,-1,
,,-1,-1,-1,-1,0,-1,0,-1,-1,-1,-1,-1,-1,-1,-1,
,,-1,-1,-1,1,-1,0,-1,0,-1,-1,-1,-1,-1,-1,-1,
,,-1,-1,1,-1,-1,-1,-1,-1,0,-1,-1,-1,-1,-1,-1,
,,-1,1,-1,-1,-1,-1,-1,-1,-1,1,-1,-1,-1,-1,-1,
,,0,-1,-1,-1,-1,-1,-1,-1,-1,-1,-1,-1,-1,-1,-1,
,,-1,-1,-1,-1,-1,-1,-1,-1,-1,-1,-1,-1,-1,-1,-1,
,,-1,-1,-1,-1,-1,-1,-1,-1,-1,-1,-1,-1,-1,-1,-1,
,,-1,-1,-1,-1,-1,-1,-1,-1,-1,-1,-1,-1,-1,-1,-1,
,,8,5,0,0,0,0,0,0,0,0,0,0,0,0,0,
,0012 teme
,,-1,-1,-1,-1,-1,-1,-1,-1,-1,-1,-1,-1,-1,-1,-1,
,,-1,-1,-1,-1,-1,-1,-1,-1,-1,-1,-1,-1,-1,-1,-1,
,,-1,-1,-1,-1,-1,-1,-1,-1,-1,-1,-1,-1,-1,-1,-1,
,,-1,-1,-1,-1,-1,-1,-1,-1,-1,-1,-1,-1,-1,-1,-1,
,,-1,-1,-1,-1,-1,-1,-1,-1,-1,-1,-1,-1,-1,-1,-1,
,,-1,-1,-1,-1,-1,-1,-1,-1,-1,-1,-1,-1,-1,-1,-1,
,,-1,-1,-1,-1,-1,1,-1,-1,-1,-1,-1,-1,-1,-1,-1,
,,-1,-1,-1,-1,0,1,0,-1,-1,-1,-1,-1,-1,-1,-1,
,,-1,-1,-1,1,-1,0,-1,0,-1,-1,-1,-1,-1,-1,-1,
,,-1,-1,1,-1,-1,-1,-1,-1,0,-1,-1,-1,-1,-1,-1,
,,-1,1,-1,-1,-1,-1,-1,-1,-1,1,-1,-1,-1,-1,-1,
,,0,-1,-1,-1,-1,-1,-1,-1,-1,-1,-1,-1,-1,-1,-1,
,,-1,-1,-1,-1,-1,-1,-1,-1,-1,-1,-1,-1,-1,-1,-1,
,,-1,-1,-1,-1,-1,-1,-1,-1,-1,-1,-1,-1,-1,-1,-1,
,,-1,-1,-1,-1,-1,-1,-1,-1,-1,-1,-1,-1,-1,-1,-1,
,,7,5,0,0,0,0,0,0,0,0,0,0,0,0,0,
,0013 teme
,,-1,-1,-1,-1,-1,-1,-1,-1,-1,-1,-1,-1,-1,-1,-1,
,,-1,-1,-1,-1,-1,-1,-1,-1,-1,-1,-1,-1,-1,-1,-1,
,,-1,-1,-1,-1,-1,-1,-1,-1,-1,-1,-1,-1,-1,-1,-1,
,,-1,-1,-1,-1,-1,-1,-1,-1,-1,-1,-1,-1,-1,-1,-1,
,,-1,-1,-1,-1,-1,-1,-1,-1,-1,-1,-1,-1,-1,-1,-1,
,,-1,-1,-1,-1,-1,-1,-1,-1,-1,-1,-1,-1,-1,-1,-1,
,,-1,-1,-1,-1,-1,1,-1,-1,-1,-1,-1,-1,-1,-1,-1,
,,-1,-1,-1,-1,0,1,0,-1,-1,-1,-1,-1,-1,-1,-1,
,,-1,-1,-1,1,-1,0,-1,0,-1,-1,-1,-1,-1,-1,-1,
,,-1,-1,1,-1,0,-1,-1,-1,0,-1,-1,-1,-1,-1,-1,
,,-1,1,-1,-1,-1,-1,-1,-1,-1,1,-1,-1,-1,-1,-1,
,,0,-1,-1,-1,-1,-1,-1,-1,-1,-1,-1,-1,-1,-1,-1,
,,-1,-1,-1,-1,-1,-1,-1,-1,-1,-1,-1,-1,-1,-1,-1,
,,-1,-1,-1,-1,-1,-1,-1,-1,-1,-1,-1,-1,-1,-1,-1,
,,-1,-1,-1,-1,-1,-1,-1,-1,-1,-1,-1,-1,-1,-1,-1,
,,9,4,0,0,0,0,0,0,0,0,0,0,0,0,0,
,0014 teme
,,-1,-1,-1,-1,-1,-1,-1,-1,-1,-1,-1,-1,-1,-1,-1,
,,-1,-1,-1,-1,-1,-1,-1,-1,-1,-1,-1,-1,-1,-1,-1,
,,-1,-1,-1,-1,-1,-1,-1,-1,-1,-1,-1,-1,-1,-1,-1,
,,-1,-1,-1,-1,-1,-1,-1,-1,-1,-1,-1,-1,-1,-1,-1,
,,-1,-1,-1,-1,-1,-1,-1,-1,-1,-1,-1,-1,-1,-1,-1,
,,-1,-1,-1,-1,-1,-1,-1,-1,-1,-1,-1,-1,-1,-1,-1,
,,-1,-1,-1,-1,-1,1,-1,1,-1,-1,-1,-1,-1,-1,-1,
,,-1,-1,-1,-1,0,1,0,-1,-1,-1,-1,-1,-1,-1,-1,
,,-1,-1,-1,1,-1,0,-1,0,-1,-1,-1,-1,-1,-1,-1,
,,-1,-1,1,-1,0,-1,-1,-1,0,-1,-1,-1,-1,-1,-1,
,,-1,1,-1,-1,-1,-1,-1,-1,-1,1,-1,-1,-1,-1,-1,
,,0,-1,-1,-1,-1,-1,-1,-1,-1,-1,-1,-1,-1,-1,-1,
,,-1,-1,-1,-1,-1,-1,-1,-1,-1,-1,-1,-1,-1,-1,-1,
,,-1,-1,-1,-1,-1,-1,-1,-1,-1,-1,-1,-1,-1,-1,-1,
,,-1,-1,-1,-1,-1,-1,-1,-1,-1,-1,-1,-1,-1,-1,-1,
,,6,7,0,0,0,0,0,0,0,0,0,0,0,0,0,
,0015 teme
,,-1,-1,-1,-1,-1,-1,-1,-1,-1,-1,-1,-1,-1,-1,-1,
,,-1,-1,-1,-1,-1,-1,-1,-1,-1,-1,-1,-1,-1,-1,-1,
,,-1,-1,-1,-1,-1,-1,-1,-1,-1,-1,-1,-1,-1,-1,-1,
,,-1,-1,-1,-1,-1,-1,-1,-1,-1,-1,-1,-1,-1,-1,-1,
,,-1,-1,-1,-1,-1,-1,-1,-1,-1,-1,-1,-1,-1,-1,-1,
,,-1,-1,-1,-1,-1,-1,-1,-1,-1,-1,-1,-1,-1,-1,-1,
,,-1,-1,-1,-1,0,1,-1,1,-1,-1,-1,-1,-1,-1,-1,
,,-1,-1,-1,-1,0,1,0,-1,-1,-1,-1,-1,-1,-1,-1,
,,-1,-1,-1,1,-1,0,-1,0,-1,-1,-1,-1,-1,-1,-1,
,,-1,-1,1,-1,0,-1,-1,-1,0,-1,-1,-1,-1,-1,-1,
,,-1,1,-1,-1,-1,-1,-1,-1,-1,1,-1,-1,-1,-1,-1,
,,0,-1,-1,-1,-1,-1,-1,-1,-1,-1,-1,-1,-1,-1,-1,
,,-1,-1,-1,-1,-1,-1,-1,-1,-1,-1,-1,-1,-1,-1,-1,
,,-1,-1,-1,-1,-1,-1,-1,-1,-1,-1,-1,-1,-1,-1,-1,
,,-1,-1,-1,-1,-1,-1,-1,-1,-1,-1,-1,-1,-1,-1,-1,
,,6,4,0,0,0,0,0,0,0,0,0,0,0,0,0,
,0016 teme
,,-1,-1,-1,-1,-1,-1,-1,-1,-1,-1,-1,-1,-1,-1,-1,
,,-1,-1,-1,-1,-1,-1,-1,-1,-1,-1,-1,-1,-1,-1,-1,
,,-1,-1,-1,-1,-1,-1,-1,-1,-1,-1,-1,-1,-1,-1,-1,
,,-1,-1,-1,-1,-1,-1,-1,-1,-1,-1,-1,-1,-1,-1,-1,
,,-1,-1,-1,-1,-1,-1,-1,-1,-1,-1,-1,-1,-1,-1,-1,
,,-1,-1,-1,-1,1,-1,-1,-1,-1,-1,-1,-1,-1,-1,-1,
,,-1,-1,-1,-1,0,1,-1,1,-1,-1,-1,-1,-1,-1,-1,
,,-1,-1,-1,-1,0,1,0,-1,-1,-1,-1,-1,-1,-1,-1,
,,-1,-1,-1,1,-1,0,-1,0,-1,-1,-1,-1,-1,-1,-1,
,,-1,-1,1,-1,0,-1,-1,-1,0,-1,-1,-1,-1,-1,-1,
,,-1,1,-1,-1,-1,-1,-1,-1,-1,1,-1,-1,-1,-1,-1,
,,0,-1,-1,-1,-1,-1,-1,-1,-1,-1,-1,-1,-1,-1,-1,
,,-1,-1,-1,-1,-1,-1,-1,-1,-1,-1,-1,-1,-1,-1,-1,
,,-1,-1,-1,-1,-1,-1,-1,-1,-1,-1,-1,-1,-1,-1,-1,
,,-1,-1,-1,-1,-1,-1,-1,-1,-1,-1,-1,-1,-1,-1,-1,
,,5,4,0,0,0,0,0,0,0,0,0,0,0,0,0,
,0017 teme
,,-1,-1,-1,-1,-1,-1,-1,-1,-1,-1,-1,-1,-1,-1,-1,
,,-1,-1,-1,-1,-1,-1,-1,-1,-1,-1,-1,-1,-1,-1,-1,
,,-1,-1,-1,-1,-1,-1,-1,-1,-1,-1,-1,-1,-1,-1,-1,
,,-1,-1,-1,-1,-1,-1,-1,-1,-1,-1,-1,-1,-1,-1,-1,
,,-1,-1,-1,-1,-1,-1,-1,-1,-1,-1,-1,-1,-1,-1,-1,
,,-1,-1,-1,-1,1,-1,-1,-1,-1,-1,-1,-1,-1,-1,-1,
,,-1,-1,-1,-1,0,1,-1,1,-1,-1,-1,-1,-1,-1,-1,
,,-1,-1,-1,-1,0,1,0,-1,-1,-1,-1,-1,-1,-1,-1,
,,-1,-1,-1,1,0,0,-1,0,-1,-1,-1,-1,-1,-1,-1,
,,-1,-1,1,-1,0,-1,-1,-1,0,-1,-1,-1,-1,-1,-1,
,,-1,1,-1,-1,-1,-1,-1,-1,-1,1,-1,-1,-1,-1,-1,
,,0,-1,-1,-1,-1,-1,-1,-1,-1,-1,-1,-1,-1,-1,-1,
,,-1,-1,-1,-1,-1,-1,-1,-1,-1,-1,-1,-1,-1,-1,-1,
,,-1,-1,-1,-1,-1,-1,-1,-1,-1,-1,-1,-1,-1,-1,-1,
,,-1,-1,-1,-1,-1,-1,-1,-1,-1,-1,-1,-1,-1,-1,-1,
,,8,4,0,0,0,0,0,0,0,0,0,0,0,0,0,
,0018 teme
,,-1,-1,-1,-1,-1,-1,-1,-1,-1,-1,-1,-1,-1,-1,-1,
,,-1,-1,-1,-1,-1,-1,-1,-1,-1,-1,-1,-1,-1,-1,-1,
,,-1,-1,-1,-1,-1,-1,-1,-1,-1,-1,-1,-1,-1,-1,-1,
,,-1,-1,-1,-1,-1,-1,-1,-1,-1,-1,-1,-1,-1,-1,-1,
,,-1,-1,-1,-1,-1,-1,-1,-1,-1,-1,-1,-1,-1,-1,-1,
,,-1,-1,-1,-1,1,-1,-1,-1,-1,-1,-1,-1,-1,-1,-1,
,,-1,-1,-1,-1,0,1,-1,1,-1,-1,-1,-1,-1,-1,-1,
,,-1,-1,-1,-1,0,1,0,-1,-1,-1,-1,-1,-1,-1,-1,
,,-1,-1,-1,1,0,0,-1,0,-1,-1,-1,-1,-1,-1,-1,
,,-1,-1,1,-1,0,-1,-1,-1,0,-1,-1,-1,-1,-1,-1,
,,-1,1,-1,-1,1,-1,-1,-1,-1,1,-1,-1,-1,-1,-1,
,,0,-1,-1,-1,-1,-1,-1,-1,-1,-1,-1,-1,-1,-1,-1,
,,-1,-1,-1,-1,-1,-1,-1,-1,-1,-1,-1,-1,-1,-1,-1,
,,-1,-1,-1,-1,-1,-1,-1,-1,-1,-1,-1,-1,-1,-1,-1,
,,-1,-1,-1,-1,-1,-1,-1,-1,-1,-1,-1,-1,-1,-1,-1,
,,10,4,0,0,0,0,0,0,0,0,0,0,0,0,0,
,0019 teme
,,-1,-1,-1,-1,-1,-1,-1,-1,-1,-1,-1,-1,-1,-1,-1,
,,-1,-1,-1,-1,-1,-1,-1,-1,-1,-1,-1,-1,-1,-1,-1,
,,-1,-1,-1,-1,-1,-1,-1,-1,-1,-1,-1,-1,-1,-1,-1,
,,-1,-1,-1,-1,-1,-1,-1,-1,-1,-1,-1,-1,-1,-1,-1,
,,-1,-1,-1,-1,-1,-1,-1,-1,-1,-1,-1,-1,-1,-1,-1,
,,-1,-1,-1,-1,1,-1,-1,-1,-1,-1,-1,-1,-1,-1,-1,
,,-1,-1,-1,-1,0,1,-1,1,-1,-1,-1,-1,-1,-1,-1,
,,-1,-1,-1,-1,0,1,0,-1,-1,-1,-1,-1,-1,-1,-1,
,,-1,-1,-1,1,0,0,0,0,-1,-1,-1,-1,-1,-1,-1,
,,-1,-1,1,-1,0,-1,-1,-1,0,-1,-1,-1,-1,-1,-1,
,,-1,1,-1,-1,1,-1,-1,-1,-1,1,-1,-1,-1,-1,-1,
,,0,-1,-1,-1,-1,-1,-1,-1,-1,-1,-1,-1,-1,-1,-1,
,,-1,-1,-1,-1,-1,-1,-1,-1,-1,-1,-1,-1,-1,-1,-1,
,,-1,-1,-1,-1,-1,-1,-1,-1,-1,-1,-1,-1,-1,-1,-1,
,,-1,-1,-1,-1,-1,-1,-1,-1,-1,-1,-1,-1,-1,-1,-1,
,,8,6,0,0,0,0,0,0,0,0,0,0,0,0,0,
,0020 teme
,,-1,-1,-1,-1,-1,-1,-1,-1,-1,-1,-1,-1,-1,-1,-1,
,,-1,-1,-1,-1,-1,-1,-1,-1,-1,-1,-1,-1,-1,-1,-1,
,,-1,-1,-1,-1,-1,-1,-1,-1,-1,-1,-1,-1,-1,-1,-1,
,,-1,-1,-1,-1,-1,-1,-1,-1,-1,-1,-1,-1,-1,-1,-1,
,,-1,-1,-1,-1,-1,-1,-1,-1,-1,-1,-1,-1,-1,-1,-1,
,,-1,-1,-1,-1,1,-1,-1,-1,-1,-1,-1,-1,-1,-1,-1,
,,-1,-1,-1,-1,0,1,-1,1,-1,-1,-1,-1,-1,-1,-1,
,,-1,-1,-1,-1,0,1,0,-1,-1,-1,-1,-1,-1,-1,-1,
,,-1,-1,-1,1,0,0,0,0,1,-1,-1,-1,-1,-1,-1,
,,-1,-1,1,-1,0,-1,-1,-1,0,-1,-1,-1,-1,-1,-1,
,,-1,1,-1,-1,1,-1,-1,-1,-1,1,-1,-1,-1,-1,-1,
,,0,-1,-1,-1,-1,-1,-1,-1,-1,-1,-1,-1,-1,-1,-1,
,,-1,-1,-1,-1,-1,-1,-1,-1,-1,-1,-1,-1,-1,-1,-1,
,,-1,-1,-1,-1,-1,-1,-1,-1,-1,-1,-1,-1,-1,-1,-1,
,,-1,-1,-1,-1,-1,-1,-1,-1,-1,-1,-1,-1,-1,-1,-1,
,,8,8,0,0,0,0,0,0,0,0,0,0,0,0,0,
,0021 teme
,,-1,-1,-1,-1,-1,-1,-1,-1,-1,-1,-1,-1,-1,-1,-1,
,,-1,-1,-1,-1,-1,-1,-1,-1,-1,-1,-1,-1,-1,-1,-1,
,,-1,-1,-1,-1,-1,-1,-1,-1,-1,-1,-1,-1,-1,-1,-1,
,,-1,-1,-1,-1,-1,-1,-1,-1,-1,-1,-1,-1,-1,-1,-1,
,,-1,-1,-1,-1,-1,-1,-1,-1,-1,-1,-1,-1,-1,-1,-1,
,,-1,-1,-1,-1,1,-1,-1,-1,-1,-1,-1,-1,-1,-1,-1,
,,-1,-1,-1,-1,0,1,-1,1,-1,-1,-1,-1,-1,-1,-1,
,,-1,-1,-1,-1,0,1,0,-1,-1,-1,-1,-1,-1,-1,-1,
,,-1,-1,-1,1,0,0,0,0,1,-1,-1,-1,-1,-1,-1,
,,-1,-1,1,-1,0,-1,-1,0,0,-1,-1,-1,-1,-1,-1,
,,-1,1,-1,-1,1,-1,-1,-1,-1,1,-1,-1,-1,-1,-1,
,,0,-1,-1,-1,-1,-1,-1,-1,-1,-1,-1,-1,-1,-1,-1,
,,-1,-1,-1,-1,-1,-1,-1,-1,-1,-1,-1,-1,-1,-1,-1,
,,-1,-1,-1,-1,-1,-1,-1,-1,-1,-1,-1,-1,-1,-1,-1,
,,-1,-1,-1,-1,-1,-1,-1,-1,-1,-1,-1,-1,-1,-1,-1,
,,9,7,0,0,0,0,0,0,0,0,0,0,0,0,0,
,0022 teme
,,-1,-1,-1,-1,-1,-1,-1,-1,-1,-1,-1,-1,-1,-1,-1,
,,-1,-1,-1,-1,-1,-1,-1,-1,-1,-1,-1,-1,-1,-1,-1,
,,-1,-1,-1,-1,-1,-1,-1,-1,-1,-1,-1,-1,-1,-1,-1,
,,-1,-1,-1,-1,-1,-1,-1,-1,-1,-1,-1,-1,-1,-1,-1,
,,-1,-1,-1,-1,-1,-1,-1,-1,-1,-1,-1,-1,-1,-1,-1,
,,-1,-1,-1,-1,1,-1,-1,-1,-1,-1,-1,-1,-1,-1,-1,
,,-1,-1,-1,-1,0,1,-1,1,-1,-1,-1,-1,-1,-1,-1,
,,-1,-1,-1,-1,0,1,0,-1,-1,-1,-1,-1,-1,-1,-1,
,,-1,-1,-1,1,0,0,0,0,1,-1,-1,-1,-1,-1,-1,
,,-1,-1,1,-1,0,-1,-1,0,0,-1,-1,-1,-1,-1,-1,
,,-1,1,-1,1,1,-1,-1,-1,-1,1,-1,-1,-1,-1,-1,
,,0,-1,-1,-1,-1,-1,-1,-1,-1,-1,-1,-1,-1,-1,-1,
,,-1,-1,-1,-1,-1,-1,-1,-1,-1,-1,-1,-1,-1,-1,-1,
,,-1,-1,-1,-1,-1,-1,-1,-1,-1,-1,-1,-1,-1,-1,-1,
,,-1,-1,-1,-1,-1,-1,-1,-1,-1,-1,-1,-1,-1,-1,-1,
,,10,3,0,0,0,0,0,0,0,0,0,0,0,0,0,
,0023 teme
,,-1,-1,-1,-1,-1,-1,-1,-1,-1,-1,-1,-1,-1,-1,-1,
,,-1,-1,-1,-1,-1,-1,-1,-1,-1,-1,-1,-1,-1,-1,-1,
,,-1,-1,-1,-1,-1,-1,-1,-1,-1,-1,-1,-1,-1,-1,-1,
,,-1,-1,-1,-1,-1,-1,-1,-1,-1,-1,-1,-1,-1,-1,-1,
,,-1,-1,-1,-1,-1,-1,-1,-1,-1,-1,-1,-1,-1,-1,-1,
,,-1,-1,-1,-1,1,-1,-1,-1,-1,-1,-1,-1,-1,-1,-1,
,,-1,-1,-1,-1,0,1,-1,1,-1,-1,-1,-1,-1,-1,-1,
,,-1,-1,-1,-1,0,1,0,-1,-1,-1,-1,-1,-1,-1,-1,
,,-1,-1,-1,1,0,0,0,0,1,-1,-1,-1,-1,-1,-1,
,,-1,-1,1,-1,0,-1,-1,0,0,-1,-1,-1,-1,-1,-1,
,,-1,1,-1,1,1,-1,0,-1,-1,1,-1,-1,-1,-1,-1,
,,0,-1,-1,-1,-1,-1,-1,-1,-1,-1,-1,-1,-1,-1,-1,
,,-1,-1,-1,-1,-1,-1,-1,-1,-1,-1,-1,-1,-1,-1,-1,
,,-1,-1,-1,-1,-1,-1,-1,-1,-1,-1,-1,-1,-1,-1,-1,
,,-1,-1,-1,-1,-1,-1,-1,-1,-1,-1,-1,-1,-1,-1,-1,
,,10,6,0,0,0,0,0,0,0,0,0,0,0,0,0,
,0024 teme
,,-1,-1,-1,-1,-1,-1,-1,-1,-1,-1,-1,-1,-1,-1,-1,
,,-1,-1,-1,-1,-1,-1,-1,-1,-1,-1,-1,-1,-1,-1,-1,
,,-1,-1,-1,-1,-1,-1,-1,-1,-1,-1,-1,-1,-1,-1,-1,
,,-1,-1,-1,-1,-1,-1,-1,-1,-1,-1,-1,-1,-1,-1,-1,
,,-1,-1,-1,-1,-1,-1,-1,-1,-1,-1,-1,-1,-1,-1,-1,
,,-1,-1,-1,-1,1,-1,-1,-1,-1,-1,-1,-1,-1,-1,-1,
,,-1,-1,-1,-1,0,1,1,1,-1,-1,-1,-1,-1,-1,-1,
,,-1,-1,-1,-1,0,1,0,-1,-1,-1,-1,-1,-1,-1,-1,
,,-1,-1,-1,1,0,0,0,0,1,-1,-1,-1,-1,-1,-1,
,,-1,-1,1,-1,0,-1,-1,0,0,-1,-1,-1,-1,-1,-1,
,,-1,1,-1,1,1,-1,0,-1,-1,1,-1,-1,-1,-1,-1,
,,0,-1,-1,-1,-1,-1,-1,-1,-1,-1,-1,-1,-1,-1,-1,
,,-1,-1,-1,-1,-1,-1,-1,-1,-1,-1,-1,-1,-1,-1,-1,
,,-1,-1,-1,-1,-1,-1,-1,-1,-1,-1,-1,-1,-1,-1,-1,
,,-1,-1,-1,-1,-1,-1,-1,-1,-1,-1,-1,-1,-1,-1,-1,
,,6,6,0,0,0,0,0,0,0,0,0,0,0,0,0,
,0025 teme
,,-1,-1,-1,-1,-1,-1,-1,-1,-1,-1,-1,-1,-1,-1,-1,
,,-1,-1,-1,-1,-1,-1,-1,-1,-1,-1,-1,-1,-1,-1,-1,
,,-1,-1,-1,-1,-1,-1,-1,-1,-1,-1,-1,-1,-1,-1,-1,
,,-1,-1,-1,-1,-1,-1,-1,-1,-1,-1,-1,-1,-1,-1,-1,
,,-1,-1,-1,-1,-1,-1,-1,-1,-1,-1,-1,-1,-1,-1,-1,
,,-1,-1,-1,-1,1,-1,-1,-1,-1,-1,-1,-1,-1,-1,-1,
,,-1,-1,-1,-1,0,1,1,1,-1,-1,-1,-1,-1,-1,-1,
,,-1,-1,-1,-1,0,1,0,-1,-1,-1,-1,-1,-1,-1,-1,
,,-1,-1,-1,1,0,0,0,0,1,-1,-1,-1,-1,-1,-1,
,,-1,-1,1,-1,0,-1,-1,0,0,-1,-1,-1,-1,-1,-1,
,,-1,1,-1,1,1,0,0,-1,-1,1,-1,-1,-1,-1,-1,
,,0,-1,-1,-1,-1,-1,-1,-1,-1,-1,-1,-1,-1,-1,-1,
,,-1,-1,-1,-1,-1,-1,-1,-1,-1,-1,-1,-1,-1,-1,-1,
,,-1,-1,-1,-1,-1,-1,-1,-1,-1,-1,-1,-1,-1,-1,-1,
,,-1,-1,-1,-1,-1,-1,-1,-1,-1,-1,-1,-1,-1,-1,-1,
,,10,5,0,0,0,0,0,0,0,0,0,0,0,0,0,
,0026 teme
,,-1,-1,-1,-1,-1,-1,-1,-1,-1,-1,-1,-1,-1,-1,-1,
,,-1,-1,-1,-1,-1,-1,-1,-1,-1,-1,-1,-1,-1,-1,-1,
,,-1,-1,-1,-1,-1,-1,-1,-1,-1,-1,-1,-1,-1,-1,-1,
,,-1,-1,-1,-1,-1,-1,-1,-1,-1,-1,-1,-1,-1,-1,-1,
,,-1,-1,-1,-1,-1,-1,-1,-1,-1,-1,-1,-1,-1,-1,-1,
,,-1,-1,-1,-1,1,-1,-1,-1,-1,-1,-1,-1,-1,-1,-1,
,,-1,-1,-1,-1,0,1,1,1,-1,-1,-1,-1,-1,-1,-1,
,,-1,-1,-1,-1,0,1,0,-1,-1,-1,-1,-1,-1,-1,-1,
,,-1,-1,-1,1,0,0,0,0,1,-1,-1,-1,-1,-1,-1,
,,-1,-1,1,-1,0,-1,1,0,0,-1,-1,-1,-1,-1,-1,
,,-1,1,-1,1,1,0,0,-1,-1,1,-1,-1,-1,-1,-1,
,,0,-1,-1,-1,-1,-1,-1,-1,-1,-1,-1,-1,-1,-1,-1,
,,-1,-1,-1,-1,-1,-1,-1,-1,-1,-1,-1,-1,-1,-1,-1,
,,-1,-1,-1,-1,-1,-1,-1,-1,-1,-1,-1,-1,-1,-1,-1,
,,-1,-1,-1,-1,-1,-1,-1,-1,-1,-1,-1,-1,-1,-1,-1,
,,9,6,0,0,0,0,0,0,0,0,0,0,0,0,0,
,0027 teme
,,-1,-1,-1,-1,-1,-1,-1,-1,-1,-1,-1,-1,-1,-1,-1,
,,-1,-1,-1,-1,-1,-1,-1,-1,-1,-1,-1,-1,-1,-1,-1,
,,-1,-1,-1,-1,-1,-1,-1,-1,-1,-1,-1,-1,-1,-1,-1,
,,-1,-1,-1,-1,-1,-1,-1,-1,-1,-1,-1,-1,-1,-1,-1,
,,-1,-1,-1,-1,-1,-1,-1,-1,-1,-1,-1,-1,-1,-1,-1,
,,-1,-1,-1,-1,1,-1,-1,-1,-1,-1,-1,-1,-1,-1,-1,
,,-1,-1,-1,-1,0,1,1,1,-1,-1,-1,-1,-1,-1,-1,
,,-1,-1,-1,-1,0,1,0,-1,-1,-1,-1,-1,-1,-1,-1,
,,-1,-1,-1,1,0,0,0,0,1,-1,-1,-1,-1,-1,-1,
,,-1,-1,1,-1,0,-1,1,0,0,-1,-1,-1,-1,-1,-1,
,,-1,1,-1,1,1,0,0,0,-1,1,-1,-1,-1,-1,-1,
,,0,-1,-1,-1,-1,-1,-1,-1,-1,-1,-1,-1,-1,-1,-1,
,,-1,-1,-1,-1,-1,-1,-1,-1,-1,-1,-1,-1,-1,-1,-1,
,,-1,-1,-1,-1,-1,-1,-1,-1,-1,-1,-1,-1,-1,-1,-1,
,,-1,-1,-1,-1,-1,-1,-1,-1,-1,-1,-1,-1,-1,-1,-1,
,,10,7,0,0,0,0,0,0,0,0,0,0,0,0,0,
,0028 teme
,,-1,-1,-1,-1,-1,-1,-1,-1,-1,-1,-1,-1,-1,-1,-1,
,,-1,-1,-1,-1,-1,-1,-1,-1,-1,-1,-1,-1,-1,-1,-1,
,,-1,-1,-1,-1,-1,-1,-1,-1,-1,-1,-1,-1,-1,-1,-1,
,,-1,-1,-1,-1,-1,-1,-1,-1,-1,-1,-1,-1,-1,-1,-1,
,,-1,-1,-1,-1,-1,-1,-1,-1,-1,-1,-1,-1,-1,-1,-1,
,,-1,-1,-1,-1,1,-1,-1,-1,-1,-1,-1,-1,-1,-1,-1,
,,-1,-1,-1,-1,0,1,1,1,-1,-1,-1,-1,-1,-1,-1,
,,-1,-1,-1,-1,0,1,0,-1,-1,-1,-1,-1,-1,-1,-1,
,,-1,-1,-1,1,0,0,0,0,1,-1,-1,-1,-1,-1,-1,
,,-1,-1,1,-1,0,-1,1,0,0,-1,-1,-1,-1,-1,-1,
,,-1,1,-1,1,1,0,0,0,-1,1,-1,-1,-1,-1,-1,
,,0,-1,-1,-1,-1,-1,-1,1,-1,-1,-1,-1,-1,-1,-1,
,,-1,-1,-1,-1,-1,-1,-1,-1,-1,-1,-1,-1,-1,-1,-1,
,,-1,-1,-1,-1,-1,-1,-1,-1,-1,-1,-1,-1,-1,-1,-1,
,,-1,-1,-1,-1,-1,-1,-1,-1,-1,-1,-1,-1,-1,-1,-1,
,,11,7,0,0,0,0,0,0,0,0,0,0,0,0,0,
,0029 teme
,,-1,-1,-1,-1,-1,-1,-1,-1,-1,-1,-1,-1,-1,-1,-1,
,,-1,-1,-1,-1,-1,-1,-1,-1,-1,-1,-1,-1,-1,-1,-1,
,,-1,-1,-1,-1,-1,-1,-1,-1,-1,-1,-1,-1,-1,-1,-1,
,,-1,-1,-1,-1,-1,-1,-1,-1,-1,-1,-1,-1,-1,-1,-1,
,,-1,-1,-1,-1,-1,-1,-1,-1,-1,-1,-1,-1,-1,-1,-1,
,,-1,-1,-1,-1,1,-1,-1,-1,-1,-1,-1,-1,-1,-1,-1,
,,-1,-1,-1,-1,0,1,1,1,-1,-1,-1,-1,-1,-1,-1,
,,-1,-1,-1,-1,0,1,0,-1,-1,-1,-1,-1,-1,-1,-1,
,,-1,-1,-1,1,0,0,0,0,1,-1,-1,-1,-1,-1,-1,
,,-1,-1,1,-1,0,-1,1,0,0,-1,-1,-1,-1,-1,-1,
,,-1,1,-1,1,1,0,0,0,-1,1,-1,-1,-1,-1,-1,
,,0,-1,-1,-1,-1,-1,0,1,-1,-1,-1,-1,-1,-1,-1,
,,-1,-1,-1,-1,-1,-1,-1,-1,-1,-1,-1,-1,-1,-1,-1,
,,-1,-1,-1,-1,-1,-1,-1,-1,-1,-1,-1,-1,-1,-1,-1,
,,-1,-1,-1,-1,-1,-1,-1,-1,-1,-1,-1,-1,-1,-1,-1,
,,11,6,0,0,0,0,0,0,0,0,0,0,0,0,0,
,0030 teme
,,-1,-1,-1,-1,-1,-1,-1,-1,-1,-1,-1,-1,-1,-1,-1,
,,-1,-1,-1,-1,-1,-1,-1,-1,-1,-1,-1,-1,-1,-1,-1,
,,-1,-1,-1,-1,-1,-1,-1,-1,-1,-1,-1,-1,-1,-1,-1,
,,-1,-1,-1,-1,-1,-1,-1,-1,-1,-1,-1,-1,-1,-1,-1,
,,-1,-1,-1,-1,-1,-1,-1,-1,-1,-1,-1,-1,-1,-1,-1,
,,-1,-1,-1,-1,1,-1,-1,-1,-1,-1,-1,-1,-1,-1,-1,
,,-1,-1,-1,-1,0,1,1,1,-1,-1,-1,-1,-1,-1,-1,
,,-1,-1,-1,-1,0,1,0,-1,-1,-1,-1,-1,-1,-1,-1,
,,-1,-1,-1,1,0,0,0,0,1,1,-1,-1,-1,-1,-1,
,,-1,-1,1,-1,0,-1,1,0,0,-1,-1,-1,-1,-1,-1,
,,-1,1,-1,1,1,0,0,0,-1,1,-1,-1,-1,-1,-1,
,,0,-1,-1,-1,-1,-1,0,1,-1,-1,-1,-1,-1,-1,-1,
,,-1,-1,-1,-1,-1,-1,-1,-1,-1,-1,-1,-1,-1,-1,-1,
,,-1,-1,-1,-1,-1,-1,-1,-1,-1,-1,-1,-1,-1,-1,-1,
,,-1,-1,-1,-1,-1,-1,-1,-1,-1,-1,-1,-1,-1,-1,-1,
,,8,9,0,0,0,0,0,0,0,0,0,0,0,0,0,
,0031 teme
,,-1,-1,-1,-1,-1,-1,-1,-1,-1,-1,-1,-1,-1,-1,-1,
,,-1,-1,-1,-1,-1,-1,-1,-1,-1,-1,-1,-1,-1,-1,-1,
,,-1,-1,-1,-1,-1,-1,-1,-1,-1,-1,-1,-1,-1,-1,-1,
,,-1,-1,-1,-1,-1,-1,-1,-1,-1,-1,-1,-1,-1,-1,-1,
,,-1,-1,-1,-1,-1,-1,-1,-1,-1,-1,-1,-1,-1,-1,-1,
,,-1,-1,-1,-1,1,-1,-1,-1,-1,-1,-1,-1,-1,-1,-1,
,,-1,-1,-1,-1,0,1,1,1,-1,-1,-1,-1,-1,-1,-1,
,,-1,-1,-1,-1,0,1,0,-1,-1,-1,-1,-1,-1,-1,-1,
,,-1,-1,-1,1,0,0,0,0,1,1,-1,-1,-1,-1,-1,
,,-1,-1,1,-1,0,-1,1,0,0,0,-1,-1,-1,-1,-1,
,,-1,1,-1,1,1,0,0,0,-1,1,-1,-1,-1,-1,-1,
,,0,-1,-1,-1,-1,-1,0,1,-1,-1,-1,-1,-1,-1,-1,
,,-1,-1,-1,-1,-1,-1,-1,-1,-1,-1,-1,-1,-1,-1,-1,
,,-1,-1,-1,-1,-1,-1,-1,-1,-1,-1,-1,-1,-1,-1,-1,
,,-1,-1,-1,-1,-1,-1,-1,-1,-1,-1,-1,-1,-1,-1,-1,
,,9,9,0,0,0,0,0,0,0,0,0,0,0,0,0,
,0032 teme
,,-1,-1,-1,-1,-1,-1,-1,-1,-1,-1,-1,-1,-1,-1,-1,
,,-1,-1,-1,-1,-1,-1,-1,-1,-1,-1,-1,-1,-1,-1,-1,
,,-1,-1,-1,-1,-1,-1,-1,-1,-1,-1,-1,-1,-1,-1,-1,
,,-1,-1,-1,-1,-1,-1,-1,-1,-1,-1,-1,-1,-1,-1,-1,
,,-1,-1,-1,-1,-1,-1,-1,-1,-1,-1,-1,-1,-1,-1,-1,
,,-1,-1,-1,-1,1,-1,-1,-1,-1,-1,-1,-1,-1,-1,-1,
,,-1,-1,-1,-1,0,1,1,1,-1,-1,-1,-1,-1,-1,-1,
,,-1,-1,-1,-1,0,1,0,-1,-1,-1,-1,-1,-1,-1,-1,
,,-1,-1,-1,1,0,0,0,0,1,1,-1,-1,-1,-1,-1,
,,-1,-1,1,-1,0,-1,1,0,0,0,1,-1,-1,-1,-1,
,,-1,1,-1,1,1,0,0,0,-1,1,-1,-1,-1,-1,-1,
,,0,-1,-1,-1,-1,-1,0,1,-1,-1,-1,-1,-1,-1,-1,
,,-1,-1,-1,-1,-1,-1,-1,-1,-1,-1,-1,-1,-1,-1,-1,
,,-1,-1,-1,-1,-1,-1,-1,-1,-1,-1,-1,-1,-1,-1,-1,
,,-1,-1,-1,-1,-1,-1,-1,-1,-1,-1,-1,-1,-1,-1,-1,
,,9,10,0,0,0,0,0,0,0,0,0,0,0,0,0,
,0033 teme
,,-1,-1,-1,-1,-1,-1,-1,-1,-1,-1,-1,-1,-1,-1,-1,
,,-1,-1,-1,-1,-1,-1,-1,-1,-1,-1,-1,-1,-1,-1,-1,
,,-1,-1,-1,-1,-1,-1,-1,-1,-1,-1,-1,-1,-1,-1,-1,
,,-1,-1,-1,-1,-1,-1,-1,-1,-1,-1,-1,-1,-1,-1,-1,
,,-1,-1,-1,-1,-1,-1,-1,-1,-1,-1,-1,-1,-1,-1,-1,
,,-1,-1,-1,-1,1,-1,-1,-1,-1,-1,-1,-1,-1,-1,-1,
,,-1,-1,-1,-1,0,1,1,1,-1,-1,-1,-1,-1,-1,-1,
,,-1,-1,-1,-1,0,1,0,-1,0,-1,-1,-1,-1,-1,-1,
,,-1,-1,-1,1,0,0,0,0,1,1,-1,-1,-1,-1,-1,
,,-1,-1,1,-1,0,-1,1,0,0,0,1,-1,-1,-1,-1,
,,-1,1,-1,1,1,0,0,0,-1,1,-1,-1,-1,-1,-1,
,,0,-1,-1,-1,-1,-1,0,1,-1,-1,-1,-1,-1,-1,-1,
,,-1,-1,-1,-1,-1,-1,-1,-1,-1,-1,-1,-1,-1,-1,-1,
,,-1,-1,-1,-1,-1,-1,-1,-1,-1,-1,-1,-1,-1,-1,-1,
,,-1,-1,-1,-1,-1,-1,-1,-1,-1,-1,-1,-1,-1,-1,-1,
,,7,8,0,0,0,0,0,0,0,0,0,0,0,0,0,
,0034 teme
,,-1,-1,-1,-1,-1,-1,-1,-1,-1,-1,-1,-1,-1,-1,-1,
,,-1,-1,-1,-1,-1,-1,-1,-1,-1,-1,-1,-1,-1,-1,-1,
,,-1,-1,-1,-1,-1,-1,-1,-1,-1,-1,-1,-1,-1,-1,-1,
,,-1,-1,-1,-1,-1,-1,-1,-1,-1,-1,-1,-1,-1,-1,-1,
,,-1,-1,-1,-1,-1,-1,-1,-1,-1,-1,-1,-1,-1,-1,-1,
,,-1,-1,-1,-1,1,-1,-1,-1,-1,-1,-1,-1,-1,-1,-1,
,,-1,-1,-1,-1,0,1,1,1,-1,-1,-1,-1,-1,-1,-1,
,,-1,-1,-1,-1,0,1,0,-1,0,-1,-1,-1,-1,-1,-1,
,,-1,-1,-1,1,0,0,0,0,1,1,-1,-1,-1,-1,-1,
,,-1,-1,1,-1,0,-1,1,0,0,0,1,-1,-1,-1,-1,
,,-1,1,-1,1,1,0,0,0,-1,1,-1,-1,-1,-1,-1,
,,0,-1,-1,-1,-1,-1,0,1,-1,-1,-1,-1,-1,-1,-1,
,,-1,-1,-1,-1,-1,1,-1,-1,-1,-1,-1,-1,-1,-1,-1,
,,-1,-1,-1,-1,-1,-1,-1,-1,-1,-1,-1,-1,-1,-1,-1,
,,-1,-1,-1,-1,-1,-1,-1,-1,-1,-1,-1,-1,-1,-1,-1,
,,12,5,0,0,0,0,0,0,0,0,0,0,0,0,0,
,0035 teme
,,-1,-1,-1,-1,-1,-1,-1,-1,-1,-1,-1,-1,-1,-1,-1,
,,-1,-1,-1,-1,-1,-1,-1,-1,-1,-1,-1,-1,-1,-1,-1,
,,-1,-1,-1,-1,-1,-1,-1,-1,-1,-1,-1,-1,-1,-1,-1,
,,-1,-1,-1,-1,-1,-1,-1,-1,-1,-1,-1,-1,-1,-1,-1,
,,-1,-1,-1,-1,-1,-1,-1,-1,-1,-1,-1,-1,-1,-1,-1,
,,-1,-1,-1,-1,1,-1,-1,-1,-1,-1,-1,-1,-1,-1,-1,
,,-1,-1,-1,0,0,1,1,1,-1,-1,-1,-1,-1,-1,-1,
,,-1,-1,-1,-1,0,1,0,-1,0,-1,-1,-1,-1,-1,-1,
,,-1,-1,-1,1,0,0,0,0,1,1,-1,-1,-1,-1,-1,
,,-1,-1,1,-1,0,-1,1,0,0,0,1,-1,-1,-1,-1,
,,-1,1,-1,1,1,0,0,0,-1,1,-1,-1,-1,-1,-1,
,,0,-1,-1,-1,-1,-1,0,1,-1,-1,-1,-1,-1,-1,-1,
,,-1,-1,-1,-1,-1,1,-1,-1,-1,-1,-1,-1,-1,-1,-1,
,,-1,-1,-1,-1,-1,-1,-1,-1,-1,-1,-1,-1,-1,-1,-1,
,,-1,-1,-1,-1,-1,-1,-1,-1,-1,-1,-1,-1,-1,-1,-1,
,,6,3,0,0,0,0,0,0,0,0,0,0,0,0,0,
,0036 teme
,,-1,-1,-1,-1,-1,-1,-1,-1,-1,-1,-1,-1,-1,-1,-1,
,,-1,-1,-1,-1,-1,-1,-1,-1,-1,-1,-1,-1,-1,-1,-1,
,,-1,-1,-1,-1,-1,-1,-1,-1,-1,-1,-1,-1,-1,-1,-1,
,,-1,-1,-1,-1,-1,-1,-1,-1,-1,-1,-1,-1,-1,-1,-1,
,,-1,-1,-1,-1,-1,-1,-1,-1,-1,-1,-1,-1,-1,-1,-1,
,,-1,-1,1,-1,1,-1,-1,-1,-1,-1,-1,-1,-1,-1,-1,
,,-1,-1,-1,0,0,1,1,1,-1,-1,-1,-1,-1,-1,-1,
,,-1,-1,-1,-1,0,1,0,-1,0,-1,-1,-1,-1,-1,-1,
,,-1,-1,-1,1,0,0,0,0,1,1,-1,-1,-1,-1,-1,
,,-1,-1,1,-1,0,-1,1,0,0,0,1,-1,-1,-1,-1,
,,-1,1,-1,1,1,0,0,0,-1,1,-1,-1,-1,-1,-1,
,,0,-1,-1,-1,-1,-1,0,1,-1,-1,-1,-1,-1,-1,-1,
,,-1,-1,-1,-1,-1,1,-1,-1,-1,-1,-1,-1,-1,-1,-1,
,,-1,-1,-1,-1,-1,-1,-1,-1,-1,-1,-1,-1,-1,-1,-1,
,,-1,-1,-1,-1,-1,-1,-1,-1,-1,-1,-1,-1,-1,-1,-1,
,,5,2,0,0,0,0,0,0,0,0,0,0,0,0,0,
,0037 teme
,,-1,-1,-1,-1,-1,-1,-1,-1,-1,-1,-1,-1,-1,-1,-1,
,,-1,-1,-1,-1,-1,-1,-1,-1,-1,-1,-1,-1,-1,-1,-1,
,,-1,-1,-1,-1,-1,-1,-1,-1,-1,-1,-1,-1,-1,-1,-1,
,,-1,-1,-1,-1,-1,-1,-1,-1,-1,-1,-1,-1,-1,-1,-1,
,,-1,-1,-1,-1,-1,-1,-1,-1,-1,-1,-1,-1,-1,-1,-1,
,,-1,-1,1,-1,1,-1,-1,-1,-1,-1,-1,-1,-1,-1,-1,
,,-1,-1,-1,0,0,1,1,1,-1,-1,-1,-1,-1,-1,-1,
,,-1,-1,-1,-1,0,1,0,-1,0,-1,-1,-1,-1,-1,-1,
,,-1,-1,-1,1,0,0,0,0,1,1,-1,-1,-1,-1,-1,
,,-1,-1,1,-1,0,-1,1,0,0,0,1,-1,-1,-1,-1,
,,-1,1,-1,1,1,0,0,0,0,1,-1,-1,-1,-1,-1,
,,0,-1,-1,-1,-1,-1,0,1,-1,-1,-1,-1,-1,-1,-1,
,,-1,-1,-1,-1,-1,1,-1,-1,-1,-1,-1,-1,-1,-1,-1,
,,-1,-1,-1,-1,-1,-1,-1,-1,-1,-1,-1,-1,-1,-1,-1,
,,-1,-1,-1,-1,-1,-1,-1,-1,-1,-1,-1,-1,-1,-1,-1,
,,10,8,0,0,0,0,0,0,0,0,0,0,0,0,0,
,0038 teme
,,-1,-1,-1,-1,-1,-1,-1,-1,-1,-1,-1,-1,-1,-1,-1,
,,-1,-1,-1,-1,-1,-1,-1,-1,-1,-1,-1,-1,-1,-1,-1,
,,-1,-1,-1,-1,-1,-1,-1,-1,-1,-1,-1,-1,-1,-1,-1,
,,-1,-1,-1,-1,-1,-1,-1,-1,-1,-1,-1,-1,-1,-1,-1,
,,-1,-1,-1,-1,-1,-1,-1,-1,-1,-1,-1,-1,-1,-1,-1,
,,-1,-1,1,-1,1,-1,-1,-1,-1,-1,-1,-1,-1,-1,-1,
,,-1,-1,-1,0,0,1,1,1,-1,-1,-1,-1,-1,-1,-1,
,,-1,-1,-1,-1,0,1,0,-1,0,-1,-1,-1,-1,-1,-1,
,,-1,-1,-1,1,0,0,0,0,1,1,-1,-1,-1,-1,-1,
,,-1,-1,1,-1,0,-1,1,0,0,0,1,-1,-1,-1,-1,
,,-1,1,-1,1,1,0,0,0,0,1,-1,-1,-1,-1,-1,
,,0,-1,-1,-1,-1,-1,0,1,-1,1,-1,-1,-1,-1,-1,
,,-1,-1,-1,-1,-1,1,-1,-1,-1,-1,-1,-1,-1,-1,-1,
,,-1,-1,-1,-1,-1,-1,-1,-1,-1,-1,-1,-1,-1,-1,-1,
,,-1,-1,-1,-1,-1,-1,-1,-1,-1,-1,-1,-1,-1,-1,-1,
,,11,9,0,0,0,0,0,0,0,0,0,0,0,0,0,
,0039 teme
,,-1,-1,-1,-1,-1,-1,-1,-1,-1,-1,-1,-1,-1,-1,-1,
,,-1,-1,-1,-1,-1,-1,-1,-1,-1,-1,-1,-1,-1,-1,-1,
,,-1,-1,-1,-1,-1,-1,-1,-1,-1,-1,-1,-1,-1,-1,-1,
,,-1,-1,-1,-1,-1,-1,-1,-1,-1,-1,-1,-1,-1,-1,-1,
,,-1,-1,-1,-1,-1,-1,-1,-1,-1,-1,-1,-1,-1,-1,-1,
,,-1,-1,1,-1,1,-1,-1,-1,-1,-1,-1,-1,-1,-1,-1,
,,-1,-1,-1,0,0,1,1,1,-1,-1,-1,-1,-1,-1,-1,
,,-1,-1,-1,-1,0,1,0,-1,0,-1,-1,-1,-1,-1,-1,
,,-1,-1,-1,1,0,0,0,0,1,1,-1,-1,-1,-1,-1,
,,-1,-1,1,-1,0,-1,1,0,0,0,1,-1,-1,-1,-1,
,,-1,1,-1,1,1,0,0,0,0,1,-1,-1,-1,-1,-1,
,,0,-1,-1,-1,-1,-1,0,1,0,1,-1,-1,-1,-1,-1,
,,-1,-1,-1,-1,-1,1,-1,-1,-1,-1,-1,-1,-1,-1,-1,
,,-1,-1,-1,-1,-1,-1,-1,-1,-1,-1,-1,-1,-1,-1,-1,
,,-1,-1,-1,-1,-1,-1,-1,-1,-1,-1,-1,-1,-1,-1,-1,
,,11,8,0,0,0,0,0,0,0,0,0,0,0,0,0,
,0040 teme
,,-1,-1,-1,-1,-1,-1,-1,-1,-1,-1,-1,-1,-1,-1,-1,
,,-1,-1,-1,-1,-1,-1,-1,-1,-1,-1,-1,-1,-1,-1,-1,
,,-1,-1,-1,-1,-1,-1,-1,-1,-1,-1,-1,-1,-1,-1,-1,
,,-1,-1,-1,-1,-1,-1,-1,-1,-1,-1,-1,-1,-1,-1,-1,
,,-1,-1,-1,-1,-1,-1,-1,-1,-1,-1,-1,-1,-1,-1,-1,
,,-1,-1,1,-1,1,-1,-1,-1,-1,-1,-1,-1,-1,-1,-1,
,,-1,-1,-1,0,0,1,1,1,-1,-1,-1,-1,-1,-1,-1,
,,-1,-1,-1,-1,0,1,0,-1,0,-1,-1,-1,-1,-1,-1,
,,-1,-1,-1,1,0,0,0,0,1,1,-1,-1,-1,-1,-1,
,,-1,-1,1,-1,0,-1,1,0,0,0,1,-1,-1,-1,-1,
,,-1,1,-1,1,1,0,0,0,0,1,-1,-1,-1,-1,-1,
,,0,-1,-1,-1,-1,-1,0,1,0,1,-1,-1,-1,-1,-1,
,,-1,-1,-1,-1,-1,1,-1,1,-1,-1,-1,-1,-1,-1,-1,
,,-1,-1,-1,-1,-1,-1,-1,-1,-1,-1,-1,-1,-1,-1,-1,
,,-1,-1,-1,-1,-1,-1,-1,-1,-1,-1,-1,-1,-1,-1,-1,
,,12,7,0,0,0,0,0,0,0,0,0,0,0,0,0,
,0041 teme
,,-1,-1,-1,-1,-1,-1,-1,-1,-1,-1,-1,-1,-1,-1,-1,
,,-1,-1,-1,-1,-1,-1,-1,-1,-1,-1,-1,-1,-1,-1,-1,
,,-1,-1,-1,-1,-1,-1,-1,-1,-1,-1,-1,-1,-1,-1,-1,
,,-1,-1,-1,-1,-1,-1,-1,-1,-1,-1,-1,-1,-1,-1,-1,
,,-1,-1,-1,-1,-1,-1,-1,-1,-1,-1,-1,-1,-1,-1,-1,
,,-1,-1,1,-1,1,-1,-1,-1,-1,-1,-1,-1,-1,-1,-1,
,,-1,-1,-1,0,0,1,1,1,-1,-1,-1,-1,-1,-1,-1,
,,-1,-1,-1,-1,0,1,0,-1,0,-1,-1,-1,-1,-1,-1,
,,-1,-1,-1,1,0,0,0,0,1,1,-1,-1,-1,-1,-1,
,,-1,-1,1,-1,0,-1,1,0,0,0,1,-1,-1,-1,-1,
,,-1,1,-1,1,1,0,0,0,0,1,-1,-1,-1,-1,-1,
,,0,-1,-1,-1,-1,-1,0,1,0,1,-1,-1,-1,-1,-1,
,,-1,-1,-1,-1,-1,1,-1,1,0,-1,-1,-1,-1,-1,-1,
,,-1,-1,-1,-1,-1,-1,-1,-1,-1,-1,-1,-1,-1,-1,-1,
,,-1,-1,-1,-1,-1,-1,-1,-1,-1,-1,-1,-1,-1,-1,-1,
,,12,8,0,0,0,0,0,0,0,0,0,0,0,0,0,
,0042 teme
,,-1,-1,-1,-1,-1,-1,-1,-1,-1,-1,-1,-1,-1,-1,-1,
,,-1,-1,-1,-1,-1,-1,-1,-1,-1,-1,-1,-1,-1,-1,-1,
,,-1,-1,-1,-1,-1,-1,-1,-1,-1,-1,-1,-1,-1,-1,-1,
,,-1,-1,-1,-1,-1,-1,-1,-1,-1,-1,-1,-1,-1,-1,-1,
,,-1,-1,-1,-1,-1,-1,-1,-1,-1,-1,-1,-1,-1,-1,-1,
,,-1,-1,1,-1,1,-1,-1,-1,-1,-1,-1,-1,-1,-1,-1,
,,-1,-1,-1,0,0,1,1,1,-1,-1,-1,-1,-1,-1,-1,
,,-1,-1,-1,-1,0,1,0,-1,0,-1,-1,-1,-1,-1,-1,
,,-1,-1,-1,1,0,0,0,0,1,1,-1,-1,-1,-1,-1,
,,-1,-1,1,-1,0,-1,1,0,0,0,1,-1,-1,-1,-1,
,,-1,1,-1,1,1,0,0,0,0,1,-1,-1,-1,-1,-1,
,,0,-1,-1,-1,-1,-1,0,1,0,1,-1,-1,-1,-1,-1,
,,-1,-1,-1,-1,-1,1,-1,1,0,-1,-1,-1,-1,-1,-1,
,,-1,-1,-1,-1,-1,-1,-1,-1,1,-1,-1,-1,-1,-1,-1,
,,-1,-1,-1,-1,-1,-1,-1,-1,-1,-1,-1,-1,-1,-1,-1,
,,13,8,0,0,0,0,0,0,0,0,0,0,0,0,0,
,0043 teme
,,-1,-1,-1,-1,-1,-1,-1,-1,-1,-1,-1,-1,-1,-1,-1,
,,-1,-1,-1,-1,-1,-1,-1,-1,-1,-1,-1,-1,-1,-1,-1,
,,-1,-1,-1,-1,-1,-1,-1,-1,-1,-1,-1,-1,-1,-1,-1,
,,-1,-1,-1,-1,-1,-1,-1,-1,-1,-1,-1,-1,-1,-1,-1,
,,-1,-1,-1,-1,-1,-1,-1,-1,-1,-1,-1,-1,-1,-1,-1,
,,-1,-1,1,-1,1,-1,-1,-1,-1,-1,-1,-1,-1,-1,-1,
,,-1,-1,-1,0,0,1,1,1,-1,-1,-1,-1,-1,-1,-1,
,,-1,-1,-1,-1,0,1,0,0,0,-1,-1,-1,-1,-1,-1,
,,-1,-1,-1,1,0,0,0,0,1,1,-1,-1,-1,-1,-1,
,,-1,-1,1,-1,0,-1,1,0,0,0,1,-1,-1,-1,-1,
,,-1,1,-1,1,1,0,0,0,0,1,-1,-1,-1,-1,-1,
,,0,-1,-1,-1,-1,-1,0,1,0,1,-1,-1,-1,-1,-1,
,,-1,-1,-1,-1,-1,1,-1,1,0,-1,-1,-1,-1,-1,-1,
,,-1,-1,-1,-1,-1,-1,-1,-1,1,-1,-1,-1,-1,-1,-1,
,,-1,-1,-1,-1,-1,-1,-1,-1,-1,-1,-1,-1,-1,-1,-1,
,,7,7,0,0,0,0,0,0,0,0,0,0,0,0,0,
,0044 teme
,,-1,-1,-1,-1,-1,-1,-1,-1,-1,-1,-1,-1,-1,-1,-1,
,,-1,-1,-1,-1,-1,-1,-1,-1,-1,-1,-1,-1,-1,-1,-1,
,,-1,-1,-1,-1,-1,-1,-1,-1,-1,-1,-1,-1,-1,-1,-1,
,,-1,-1,-1,-1,-1,-1,-1,-1,-1,-1,-1,-1,-1,-1,-1,
,,-1,-1,-1,-1,-1,-1,-1,-1,-1,-1,-1,-1,-1,-1,-1,
,,-1,-1,1,-1,1,-1,-1,-1,-1,-1,-1,-1,-1,-1,-1,
,,-1,-1,-1,0,0,1,1,1,-1,-1,-1,-1,-1,-1,-1,
,,-1,-1,-1,-1,0,1,0,0,0,1,-1,-1,-1,-1,-1,
,,-1,-1,-1,1,0,0,0,0,1,1,-1,-1,-1,-1,-1,
,,-1,-1,1,-1,0,-1,1,0,0,0,1,-1,-1,-1,-1,
,,-1,1,-1,1,1,0,0,0,0,1,-1,-1,-1,-1,-1,
,,0,-1,-1,-1,-1,-1,0,1,0,1,-1,-1,-1,-1,-1,
,,-1,-1,-1,-1,-1,1,-1,1,0,-1,-1,-1,-1,-1,-1,
,,-1,-1,-1,-1,-1,-1,-1,-1,1,-1,-1,-1,-1,-1,-1,
,,-1,-1,-1,-1,-1,-1,-1,-1,-1,-1,-1,-1,-1,-1,-1,
,,7,9,0,0,0,0,0,0,0,0,0,0,0,0,0,
,0045 teme
,,-1,-1,-1,-1,-1,-1,-1,-1,-1,-1,-1,-1,-1,-1,-1,
,,-1,-1,-1,-1,-1,-1,-1,-1,-1,-1,-1,-1,-1,-1,-1,
,,-1,-1,-1,-1,-1,-1,-1,-1,-1,-1,-1,-1,-1,-1,-1,
,,-1,-1,-1,-1,-1,-1,-1,-1,-1,-1,-1,-1,-1,-1,-1,
,,-1,-1,-1,-1,-1,-1,-1,-1,-1,-1,-1,-1,-1,-1,-1,
,,-1,-1,1,-1,1,-1,-1,-1,-1,-1,-1,-1,-1,-1,-1,
,,-1,-1,-1,0,0,1,1,1,-1,0,-1,-1,-1,-1,-1,
,,-1,-1,-1,-1,0,1,0,0,0,1,-1,-1,-1,-1,-1,
,,-1,-1,-1,1,0,0,0,0,1,1,-1,-1,-1,-1,-1,
,,-1,-1,1,-1,0,-1,1,0,0,0,1,-1,-1,-1,-1,
,,-1,1,-1,1,1,0,0,0,0,1,-1,-1,-1,-1,-1,
,,0,-1,-1,-1,-1,-1,0,1,0,1,-1,-1,-1,-1,-1,
,,-1,-1,-1,-1,-1,1,-1,1,0,-1,-1,-1,-1,-1,-1,
,,-1,-1,-1,-1,-1,-1,-1,-1,1,-1,-1,-1,-1,-1,-1,
,,-1,-1,-1,-1,-1,-1,-1,-1,-1,-1,-1,-1,-1,-1,-1,
,,6,9,0,0,0,0,0,0,0,0,0,0,0,0,0,
,0046 teme
,,-1,-1,-1,-1,-1,-1,-1,-1,-1,-1,-1,-1,-1,-1,-1,
,,-1,-1,-1,-1,-1,-1,-1,-1,-1,-1,-1,-1,-1,-1,-1,
,,-1,-1,-1,-1,-1,-1,-1,-1,-1,-1,-1,-1,-1,-1,-1,
,,-1,-1,-1,-1,-1,-1,-1,-1,-1,-1,-1,-1,-1,-1,-1,
,,-1,-1,-1,-1,-1,-1,-1,-1,-1,-1,-1,-1,-1,-1,-1,
,,-1,-1,1,-1,1,-1,-1,-1,-1,-1,1,-1,-1,-1,-1,
,,-1,-1,-1,0,0,1,1,1,-1,0,-1,-1,-1,-1,-1,
,,-1,-1,-1,-1,0,1,0,0,0,1,-1,-1,-1,-1,-1,
,,-1,-1,-1,1,0,0,0,0,1,1,-1,-1,-1,-1,-1,
,,-1,-1,1,-1,0,-1,1,0,0,0,1,-1,-1,-1,-1,
,,-1,1,-1,1,1,0,0,0,0,1,-1,-1,-1,-1,-1,
,,0,-1,-1,-1,-1,-1,0,1,0,1,-1,-1,-1,-1,-1,
,,-1,-1,-1,-1,-1,1,-1,1,0,-1,-1,-1,-1,-1,-1,
,,-1,-1,-1,-1,-1,-1,-1,-1,1,-1,-1,-1,-1,-1,-1,
,,-1,-1,-1,-1,-1,-1,-1,-1,-1,-1,-1,-1,-1,-1,-1,
,,5,10,0,0,0,0,0,0,0,0,0,0,0,0,0,
,0047 teme
,,-1,-1,-1,-1,-1,-1,-1,-1,-1,-1,-1,-1,-1,-1,-1,
,,-1,-1,-1,-1,-1,-1,-1,-1,-1,-1,-1,-1,-1,-1,-1,
,,-1,-1,-1,-1,-1,-1,-1,-1,-1,-1,-1,-1,-1,-1,-1,
,,-1,-1,-1,-1,-1,-1,-1,-1,-1,-1,-1,-1,-1,-1,-1,
,,-1,-1,-1,-1,-1,-1,-1,-1,-1,-1,-1,-1,-1,-1,-1,
,,-1,-1,1,-1,1,-1,-1,-1,-1,-1,1,-1,-1,-1,-1,
,,-1,-1,-1,0,0,1,1,1,0,0,-1,-1,-1,-1,-1,
,,-1,-1,-1,-1,0,1,0,0,0,1,-1,-1,-1,-1,-1,
,,-1,-1,-1,1,0,0,0,0,1,1,-1,-1,-1,-1,-1,
,,-1,-1,1,-1,0,-1,1,0,0,0,1,-1,-1,-1,-1,
,,-1,1,-1,1,1,0,0,0,0,1,-1,-1,-1,-1,-1,
,,0,-1,-1,-1,-1,-1,0,1,0,1,-1,-1,-1,-1,-1,
,,-1,-1,-1,-1,-1,1,-1,1,0,-1,-1,-1,-1,-1,-1,
,,-1,-1,-1,-1,-1,-1,-1,-1,1,-1,-1,-1,-1,-1,-1,
,,-1,-1,-1,-1,-1,-1,-1,-1,-1,-1,-1,-1,-1,-1,-1,
,,6,8,0,0,0,0,0,0,0,0,0,0,0,0,0,
,0048 teme
,,-1,-1,-1,-1,-1,-1,-1,-1,-1,-1,-1,-1,-1,-1,-1,
,,-1,-1,-1,-1,-1,-1,-1,-1,-1,-1,-1,-1,-1,-1,-1,
,,-1,-1,-1,-1,-1,-1,-1,-1,-1,-1,-1,-1,-1,-1,-1,
,,-1,-1,-1,-1,-1,-1,-1,-1,-1,-1,-1,-1,-1,-1,-1,
,,-1,-1,-1,-1,-1,-1,-1,-1,-1,-1,-1,-1,-1,-1,-1,
,,-1,-1,1,-1,1,-1,-1,-1,-1,1,1,-1,-1,-1,-1,
,,-1,-1,-1,0,0,1,1,1,0,0,-1,-1,-1,-1,-1,
,,-1,-1,-1,-1,0,1,0,0,0,1,-1,-1,-1,-1,-1,
,,-1,-1,-1,1,0,0,0,0,1,1,-1,-1,-1,-1,-1,
,,-1,-1,1,-1,0,-1,1,0,0,0,1,-1,-1,-1,-1,
,,-1,1,-1,1,1,0,0,0,0,1,-1,-1,-1,-1,-1,
,,0,-1,-1,-1,-1,-1,0,1,0,1,-1,-1,-1,-1,-1,
,,-1,-1,-1,-1,-1,1,-1,1,0,-1,-1,-1,-1,-1,-1,
,,-1,-1,-1,-1,-1,-1,-1,-1,1,-1,-1,-1,-1,-1,-1,
,,-1,-1,-1,-1,-1,-1,-1,-1,-1,-1,-1,-1,-1,-1,-1,
,,5,9,0,0,0,0,0,0,0,0,0,0,0,0,0,
,0049 teme
,,-1,-1,-1,-1,-1,-1,-1,-1,-1,-1,-1,-1,-1,-1,-1,
,,-1,-1,-1,-1,-1,-1,-1,-1,-1,-1,-1,-1,-1,-1,-1,
,,-1,-1,-1,-1,-1,-1,-1,-1,-1,-1,-1,-1,-1,-1,-1,
,,-1,-1,-1,-1,-1,-1,-1,-1,-1,-1,-1,-1,-1,-1,-1,
,,-1,-1,-1,-1,-1,-1,-1,-1,-1,-1,-1,-1,-1,-1,-1,
,,-1,-1,1,-1,1,-1,-1,-1,0,1,1,-1,-1,-1,-1,
,,-1,-1,-1,0,0,1,1,1,0,0,-1,-1,-1,-1,-1,
,,-1,-1,-1,-1,0,1,0,0,0,1,-1,-1,-1,-1,-1,
,,-1,-1,-1,1,0,0,0,0,1,1,-1,-1,-1,-1,-1,
,,-1,-1,1,-1,0,-1,1,0,0,0,1,-1,-1,-1,-1,
,,-1,1,-1,1,1,0,0,0,0,1,-1,-1,-1,-1,-1,
,,0,-1,-1,-1,-1,-1,0,1,0,1,-1,-1,-1,-1,-1,
,,-1,-1,-1,-1,-1,1,-1,1,0,-1,-1,-1,-1,-1,-1,
,,-1,-1,-1,-1,-1,-1,-1,-1,1,-1,-1,-1,-1,-1,-1,
,,-1,-1,-1,-1,-1,-1,-1,-1,-1,-1,-1,-1,-1,-1,-1,
,,5,8,0,0,0,0,0,0,0,0,0,0,0,0,0,
,0050 teme
,,-1,-1,-1,-1,-1,-1,-1,-1,-1,-1,-1,-1,-1,-1,-1,
,,-1,-1,-1,-1,-1,-1,-1,-1,-1,-1,-1,-1,-1,-1,-1,
,,-1,-1,-1,-1,-1,-1,-1,-1,-1,-1,-1,-1,-1,-1,-1,
,,-1,-1,-1,-1,-1,-1,-1,-1,-1,-1,-1,-1,-1,-1,-1,
,,-1,-1,-1,-1,-1,-1,-1,-1,1,-1,-1,-1,-1,-1,-1,
,,-1,-1,1,-1,1,-1,-1,-1,0,1,1,-1,-1,-1,-1,
,,-1,-1,-1,0,0,1,1,1,0,0,-1,-1,-1,-1,-1,
,,-1,-1,-1,-1,0,1,0,0,0,1,-1,-1,-1,-1,-1,
,,-1,-1,-1,1,0,0,0,0,1,1,-1,-1,-1,-1,-1,
,,-1,-1,1,-1,0,-1,1,0,0,0,1,-1,-1,-1,-1,
,,-1,1,-1,1,1,0,0,0,0,1,-1,-1,-1,-1,-1,
,,0,-1,-1,-1,-1,-1,0,1,0,1,-1,-1,-1,-1,-1,
,,-1,-1,-1,-1,-1,1,-1,1,0,-1,-1,-1,-1,-1,-1,
,,-1,-1,-1,-1,-1,-1,-1,-1,1,-1,-1,-1,-1,-1,-1,
,,-1,-1,-1,-1,-1,-1,-1,-1,-1,-1,-1,-1,-1,-1,-1,
,,4,8,0,0,0,0,0,0,0,0,0,0,0,0,0,
,0051 teme
,,-1,-1,-1,-1,-1,-1,-1,-1,-1,-1,-1,-1,-1,-1,-1,
,,-1,-1,-1,-1,-1,-1,-1,-1,-1,-1,-1,-1,-1,-1,-1,
,,-1,-1,-1,-1,-1,-1,-1,-1,-1,-1,-1,-1,-1,-1,-1,
,,-1,-1,-1,-1,-1,-1,-1,-1,-1,-1,-1,-1,-1,-1,-1,
,,-1,-1,-1,-1,-1,-1,-1,0,1,-1,-1,-1,-1,-1,-1,
,,-1,-1,1,-1,1,-1,-1,-1,0,1,1,-1,-1,-1,-1,
,,-1,-1,-1,0,0,1,1,1,0,0,-1,-1,-1,-1,-1,
,,-1,-1,-1,-1,0,1,0,0,0,1,-1,-1,-1,-1,-1,
,,-1,-1,-1,1,0,0,0,0,1,1,-1,-1,-1,-1,-1,
,,-1,-1,1,-1,0,-1,1,0,0,0,1,-1,-1,-1,-1,
,,-1,1,-1,1,1,0,0,0,0,1,-1,-1,-1,-1,-1,
,,0,-1,-1,-1,-1,-1,0,1,0,1,-1,-1,-1,-1,-1,
,,-1,-1,-1,-1,-1,1,-1,1,0,-1,-1,-1,-1,-1,-1,
,,-1,-1,-1,-1,-1,-1,-1,-1,1,-1,-1,-1,-1,-1,-1,
,,-1,-1,-1,-1,-1,-1,-1,-1,-1,-1,-1,-1,-1,-1,-1,
,,4,7,0,0,0,0,0,0,0,0,0,0,0,0,0,
,0052 teme
,,-1,-1,-1,-1,-1,-1,-1,-1,-1,-1,-1,-1,-1,-1,-1,
,,-1,-1,-1,-1,-1,-1,-1,-1,-1,-1,-1,-1,-1,-1,-1,
,,-1,-1,-1,-1,-1,-1,-1,-1,-1,-1,-1,-1,-1,-1,-1,
,,-1,-1,-1,-1,-1,-1,1,-1,-1,-1,-1,-1,-1,-1,-1,
,,-1,-1,-1,-1,-1,-1,-1,0,1,-1,-1,-1,-1,-1,-1,
,,-1,-1,1,-1,1,-1,-1,-1,0,1,1,-1,-1,-1,-1,
,,-1,-1,-1,0,0,1,1,1,0,0,-1,-1,-1,-1,-1,
,,-1,-1,-1,-1,0,1,0,0,0,1,-1,-1,-1,-1,-1,
,,-1,-1,-1,1,0,0,0,0,1,1,-1,-1,-1,-1,-1,
,,-1,-1,1,-1,0,-1,1,0,0,0,1,-1,-1,-1,-1,
,,-1,1,-1,1,1,0,0,0,0,1,-1,-1,-1,-1,-1,
,,0,-1,-1,-1,-1,-1,0,1,0,1,-1,-1,-1,-1,-1,
,,-1,-1,-1,-1,-1,1,-1,1,0,-1,-1,-1,-1,-1,-1,
,,-1,-1,-1,-1,-1,-1,-1,-1,1,-1,-1,-1,-1,-1,-1,
,,-1,-1,-1,-1,-1,-1,-1,-1,-1,-1,-1,-1,-1,-1,-1,
,,3,6,0,0,0,0,0,0,0,0,0,0,0,0,0,
,0053 teme
,,-1,-1,-1,-1,-1,-1,-1,-1,-1,-1,-1,-1,-1,-1,-1,
,,-1,-1,-1,-1,-1,-1,-1,-1,-1,-1,-1,-1,-1,-1,-1,
,,-1,-1,-1,-1,-1,-1,-1,-1,-1,-1,-1,-1,-1,-1,-1,
,,-1,-1,-1,-1,-1,-1,1,-1,-1,-1,-1,-1,-1,-1,-1,
,,-1,-1,-1,-1,-1,-1,-1,0,1,-1,-1,-1,-1,-1,-1,
,,-1,-1,1,-1,1,-1,-1,-1,0,1,1,-1,-1,-1,-1,
,,-1,-1,-1,0,0,1,1,1,0,0,-1,-1,-1,-1,-1,
,,-1,-1,-1,-1,0,1,0,0,0,1,0,-1,-1,-1,-1,
,,-1,-1,-1,1,0,0,0,0,1,1,-1,-1,-1,-1,-1,
,,-1,-1,1,-1,0,-1,1,0,0,0,1,-1,-1,-1,-1,
,,-1,1,-1,1,1,0,0,0,0,1,-1,-1,-1,-1,-1,
,,0,-1,-1,-1,-1,-1,0,1,0,1,-1,-1,-1,-1,-1,
,,-1,-1,-1,-1,-1,1,-1,1,0,-1,-1,-1,-1,-1,-1,
,,-1,-1,-1,-1,-1,-1,-1,-1,1,-1,-1,-1,-1,-1,-1,
,,-1,-1,-1,-1,-1,-1,-1,-1,-1,-1,-1,-1,-1,-1,-1,
,,7,10,0,0,0,0,0,0,0,0,0,0,0,0,0,
,0054 teme
,,-1,-1,-1,-1,-1,-1,-1,-1,-1,-1,-1,-1,-1,-1,-1,
,,-1,-1,-1,-1,-1,-1,-1,-1,-1,-1,-1,-1,-1,-1,-1,
,,-1,-1,-1,-1,-1,-1,-1,-1,-1,-1,-1,-1,-1,-1,-1,
,,-1,-1,-1,-1,-1,-1,1,-1,-1,-1,-1,-1,-1,-1,-1,
,,-1,-1,-1,-1,-1,-1,-1,0,1,-1,-1,-1,-1,-1,-1,
,,-1,-1,1,-1,1,-1,-1,-1,0,1,1,-1,-1,-1,-1,
,,-1,-1,-1,0,0,1,1,1,0,0,-1,-1,-1,-1,-1,
,,-1,-1,-1,-1,0,1,0,0,0,1,0,-1,-1,-1,-1,
,,-1,-1,-1,1,0,0,0,0,1,1,-1,1,-1,-1,-1,
,,-1,-1,1,-1,0,-1,1,0,0,0,1,-1,-1,-1,-1,
,,-1,1,-1,1,1,0,0,0,0,1,-1,-1,-1,-1,-1,
,,0,-1,-1,-1,-1,-1,0,1,0,1,-1,-1,-1,-1,-1,
,,-1,-1,-1,-1,-1,1,-1,1,0,-1,-1,-1,-1,-1,-1,
,,-1,-1,-1,-1,-1,-1,-1,-1,1,-1,-1,-1,-1,-1,-1,
,,-1,-1,-1,-1,-1,-1,-1,-1,-1,-1,-1,-1,-1,-1,-1,
,,8,11,0,0,0,0,0,0,0,0,0,0,0,0,0,
,0055 teme
,,-1,-1,-1,-1,-1,-1,-1,-1,-1,-1,-1,-1,-1,-1,-1,
,,-1,-1,-1,-1,-1,-1,-1,-1,-1,-1,-1,-1,-1,-1,-1,
,,-1,-1,-1,-1,-1,-1,-1,-1,-1,-1,-1,-1,-1,-1,-1,
,,-1,-1,-1,-1,-1,-1,1,-1,-1,-1,-1,-1,-1,-1,-1,
,,-1,-1,-1,-1,-1,-1,-1,0,1,-1,-1,-1,-1,-1,-1,
,,-1,-1,1,-1,1,-1,-1,-1,0,1,1,-1,-1,-1,-1,
,,-1,-1,-1,0,0,1,1,1,0,0,0,-1,-1,-1,-1,
,,-1,-1,-1,-1,0,1,0,0,0,1,0,-1,-1,-1,-1,
,,-1,-1,-1,1,0,0,0,0,1,1,-1,1,-1,-1,-1,
,,-1,-1,1,-1,0,-1,1,0,0,0,1,-1,-1,-1,-1,
,,-1,1,-1,1,1,0,0,0,0,1,-1,-1,-1,-1,-1,
,,0,-1,-1,-1,-1,-1,0,1,0,1,-1,-1,-1,-1,-1,
,,-1,-1,-1,-1,-1,1,-1,1,0,-1,-1,-1,-1,-1,-1,
,,-1,-1,-1,-1,-1,-1,-1,-1,1,-1,-1,-1,-1,-1,-1,
,,-1,-1,-1,-1,-1,-1,-1,-1,-1,-1,-1,-1,-1,-1,-1,
,,6,10,0,0,0,0,0,0,0,0,0,0,0,0,0,
,0056 teme
,,-1,-1,-1,-1,-1,-1,-1,-1,-1,-1,-1,-1,-1,-1,-1,
,,-1,-1,-1,-1,-1,-1,-1,-1,-1,-1,-1,-1,-1,-1,-1,
,,-1,-1,-1,-1,-1,-1,-1,-1,-1,-1,-1,-1,-1,-1,-1,
,,-1,-1,-1,-1,-1,-1,1,-1,-1,-1,-1,-1,-1,-1,-1,
,,-1,-1,-1,-1,-1,-1,-1,0,1,-1,-1,-1,-1,-1,-1,
,,-1,-1,1,-1,1,-1,-1,-1,0,1,1,-1,-1,-1,-1,
,,-1,-1,-1,0,0,1,1,1,0,0,0,1,-1,-1,-1,
,,-1,-1,-1,-1,0,1,0,0,0,1,0,-1,-1,-1,-1,
,,-1,-1,-1,1,0,0,0,0,1,1,-1,1,-1,-1,-1,
,,-1,-1,1,-1,0,-1,1,0,0,0,1,-1,-1,-1,-1,
,,-1,1,-1,1,1,0,0,0,0,1,-1,-1,-1,-1,-1,
,,0,-1,-1,-1,-1,-1,0,1,0,1,-1,-1,-1,-1,-1,
,,-1,-1,-1,-1,-1,1,-1,1,0,-1,-1,-1,-1,-1,-1,
,,-1,-1,-1,-1,-1,-1,-1,-1,1,-1,-1,-1,-1,-1,-1,
,,-1,-1,-1,-1,-1,-1,-1,-1,-1,-1,-1,-1,-1,-1,-1,
,,6,11,0,0,0,0,0,0,0,0,0,0,0,0,0,
,0057 teme
,,-1,-1,-1,-1,-1,-1,-1,-1,-1,-1,-1,-1,-1,-1,-1,
,,-1,-1,-1,-1,-1,-1,-1,-1,-1,-1,-1,-1,-1,-1,-1,
,,-1,-1,-1,-1,-1,-1,-1,-1,-1,-1,-1,-1,-1,-1,-1,
,,-1,-1,-1,-1,-1,-1,1,-1,-1,-1,-1,-1,-1,-1,-1,
,,-1,-1,-1,-1,-1,-1,-1,0,1,-1,-1,-1,-1,-1,-1,
,,-1,-1,1,-1,1,-1,-1,-1,0,1,1,-1,-1,-1,-1,
,,-1,-1,-1,0,0,1,1,1,0,0,0,1,-1,-1,-1,
,,-1,-1,-1,-1,0,1,0,0,0,1,0,-1,0,-1,-1,
,,-1,-1,-1,1,0,0,0,0,1,1,-1,1,-1,-1,-1,
,,-1,-1,1,-1,0,-1,1,0,0,0,1,-1,-1,-1,-1,
,,-1,1,-1,1,1,0,0,0,0,1,-1,-1,-1,-1,-1,
,,0,-1,-1,-1,-1,-1,0,1,0,1,-1,-1,-1,-1,-1,
,,-1,-1,-1,-1,-1,1,-1,1,0,-1,-1,-1,-1,-1,-1,
,,-1,-1,-1,-1,-1,-1,-1,-1,1,-1,-1,-1,-1,-1,-1,
,,-1,-1,-1,-1,-1,-1,-1,-1,-1,-1,-1,-1,-1,-1,-1,
,,7,12,0,0,0,0,0,0,0,0,0,0,0,0,0,
,0058 teme
,,-1,-1,-1,-1,-1,-1,-1,-1,-1,-1,-1,-1,-1,-1,-1,
,,-1,-1,-1,-1,-1,-1,-1,-1,-1,-1,-1,-1,-1,-1,-1,
,,-1,-1,-1,-1,-1,-1,-1,-1,-1,-1,-1,-1,-1,-1,-1,
,,-1,-1,-1,-1,-1,-1,1,-1,-1,-1,-1,-1,-1,-1,-1,
,,-1,-1,-1,-1,-1,-1,-1,0,1,-1,-1,-1,-1,-1,-1,
,,-1,-1,1,-1,1,-1,-1,-1,0,1,1,-1,-1,-1,-1,
,,-1,-1,-1,0,0,1,1,1,0,0,0,1,-1,-1,-1,
,,-1,-1,-1,-1,0,1,0,0,0,1,0,-1,0,-1,-1,
,,-1,-1,-1,1,0,0,0,0,1,1,-1,1,-1,-1,-1,
,,-1,-1,1,-1,0,1,1,0,0,0,1,-1,-1,-1,-1,
,,-1,1,-1,1,1,0,0,0,0,1,-1,-1,-1,-1,-1,
,,0,-1,-1,-1,-1,-1,0,1,0,1,-1,-1,-1,-1,-1,
,,-1,-1,-1,-1,-1,1,-1,1,0,-1,-1,-1,-1,-1,-1,
,,-1,-1,-1,-1,-1,-1,-1,-1,1,-1,-1,-1,-1,-1,-1,
,,-1,-1,-1,-1,-1,-1,-1,-1,-1,-1,-1,-1,-1,-1,-1,
,,9,5,0,0,0,0,0,0,0,0,0,0,0,0,0,
,0059 teme
,,-1,-1,-1,-1,-1,-1,-1,-1,-1,-1,-1,-1,-1,-1,-1,
,,-1,-1,-1,-1,-1,-1,-1,-1,-1,-1,-1,-1,-1,-1,-1,
,,-1,-1,-1,-1,-1,-1,-1,-1,-1,-1,-1,-1,-1,-1,-1,
,,-1,-1,-1,-1,-1,-1,1,-1,-1,-1,-1,-1,-1,-1,-1,
,,-1,-1,-1,-1,-1,-1,-1,0,1,-1,-1,-1,-1,-1,-1,
,,-1,-1,1,-1,1,-1,-1,-1,0,1,1,-1,-1,-1,-1,
,,-1,-1,-1,0,0,1,1,1,0,0,0,1,-1,-1,-1,
,,-1,-1,-1,-1,0,1,0,0,0,1,0,-1,0,-1,-1,
,,-1,-1,-1,1,0,0,0,0,1,1,-1,1,-1,-1,-1,
,,-1,-1,1,-1,0,1,1,0,0,0,1,-1,-1,-1,-1,
,,-1,1,-1,1,1,0,0,0,0,1,-1,-1,-1,-1,-1,
,,0,-1,-1,-1,0,-1,0,1,0,1,-1,-1,-1,-1,-1,
,,-1,-1,-1,-1,-1,1,-1,1,0,-1,-1,-1,-1,-1,-1,
,,-1,-1,-1,-1,-1,-1,-1,-1,1,-1,-1,-1,-1,-1,-1,
,,-1,-1,-1,-1,-1,-1,-1,-1,-1,-1,-1,-1,-1,-1,-1,
,,11,4,0,0,0,0,0,0,0,0,0,0,0,0,0,
,0060 teme
,,-1,-1,-1,-1,-1,-1,-1,-1,-1,-1,-1,-1,-1,-1,-1,
,,-1,-1,-1,-1,-1,-1,-1,-1,-1,-1,-1,-1,-1,-1,-1,
,,-1,-1,-1,-1,-1,-1,-1,-1,-1,-1,-1,-1,-1,-1,-1,
,,-1,-1,-1,-1,-1,-1,1,-1,-1,-1,-1,-1,-1,-1,-1,
,,-1,-1,-1,-1,-1,-1,-1,0,1,-1,-1,-1,-1,-1,-1,
,,-1,-1,1,-1,1,-1,-1,-1,0,1,1,-1,-1,-1,-1,
,,-1,-1,-1,0,0,1,1,1,0,0,0,1,-1,-1,-1,
,,-1,-1,-1,-1,0,1,0,0,0,1,0,-1,0,-1,-1,
,,-1,-1,-1,1,0,0,0,0,1,1,1,1,-1,-1,-1,
,,-1,-1,1,-1,0,1,1,0,0,0,1,-1,-1,-1,-1,
,,-1,1,-1,1,1,0,0,0,0,1,-1,-1,-1,-1,-1,
,,0,-1,-1,-1,0,-1,0,1,0,1,-1,-1,-1,-1,-1,
,,-1,-1,-1,-1,-1,1,-1,1,0,-1,-1,-1,-1,-1,-1,
,,-1,-1,-1,-1,-1,-1,-1,-1,1,-1,-1,-1,-1,-1,-1,
,,-1,-1,-1,-1,-1,-1,-1,-1,-1,-1,-1,-1,-1,-1,-1,
,,8,10,0,0,0,0,0,0,0,0,0,0,0,0,0,
,0061 teme
,,-1,-1,-1,-1,-1,-1,-1,-1,-1,-1,-1,-1,-1,-1,-1,
,,-1,-1,-1,-1,-1,-1,-1,-1,-1,-1,-1,-1,-1,-1,-1,
,,-1,-1,-1,-1,-1,-1,-1,-1,-1,-1,-1,-1,-1,-1,-1,
,,-1,-1,-1,-1,-1,-1,1,-1,-1,-1,-1,-1,-1,-1,-1,
,,-1,-1,-1,-1,-1,-1,-1,0,1,-1,-1,-1,-1,-1,-1,
,,-1,-1,1,-1,1,-1,-1,-1,0,1,1,-1,-1,-1,-1,
,,-1,-1,-1,0,0,1,1,1,0,0,0,1,-1,-1,-1,
,,-1,-1,-1,-1,0,1,0,0,0,1,0,0,0,-1,-1,
,,-1,-1,-1,1,0,0,0,0,1,1,1,1,-1,-1,-1,
,,-1,-1,1,-1,0,1,1,0,0,0,1,-1,-1,-1,-1,
,,-1,1,-1,1,1,0,0,0,0,1,-1,-1,-1,-1,-1,
,,0,-1,-1,-1,0,-1,0,1,0,1,-1,-1,-1,-1,-1,
,,-1,-1,-1,-1,-1,1,-1,1,0,-1,-1,-1,-1,-1,-1,
,,-1,-1,-1,-1,-1,-1,-1,-1,1,-1,-1,-1,-1,-1,-1,
,,-1,-1,-1,-1,-1,-1,-1,-1,-1,-1,-1,-1,-1,-1,-1,
,,7,11,0,0,0,0,0,0,0,0,0,0,0,0,0,
,0062 teme
,,-1,-1,-1,-1,-1,-1,-1,-1,-1,-1,-1,-1,-1,-1,-1,
,,-1,-1,-1,-1,-1,-1,-1,-1,-1,-1,-1,-1,-1,-1,-1,
,,-1,-1,-1,-1,-1,-1,-1,-1,-1,-1,-1,-1,-1,-1,-1,
,,-1,-1,-1,-1,-1,-1,1,-1,-1,-1,-1,-1,-1,-1,-1,
,,-1,-1,-1,-1,-1,-1,-1,0,1,-1,-1,-1,-1,-1,-1,
,,-1,-1,1,-1,1,-1,-1,-1,0,1,1,-1,-1,-1,-1,
,,-1,-1,-1,0,0,1,1,1,0,0,0,1,-1,-1,-1,
,,-1,-1,-1,-1,0,1,0,0,0,1,0,0,0,-1,-1,
,,-1,-1,-1,1,0,0,0,0,1,1,1,1,1,-1,-1,
,,-1,-1,1,-1,0,1,1,0,0,0,1,-1,-1,-1,-1,
,,-1,1,-1,1,1,0,0,0,0,1,-1,-1,-1,-1,-1,
,,0,-1,-1,-1,0,-1,0,1,0,1,-1,-1,-1,-1,-1,
,,-1,-1,-1,-1,-1,1,-1,1,0,-1,-1,-1,-1,-1,-1,
,,-1,-1,-1,-1,-1,-1,-1,-1,1,-1,-1,-1,-1,-1,-1,
,,-1,-1,-1,-1,-1,-1,-1,-1,-1,-1,-1,-1,-1,-1,-1,
,,8,12,0,0,0,0,0,0,0,0,0,0,0,0,0,
DATA__2016 07/31/ 02:46 00__LOS0,0
,0001 teme
,,-1,-1,-1,-1,-1,-1,-1,-1,-1,-1,-1,-1,-1,-1,-1,
,,-1,-1,-1,-1,-1,-1,-1,-1,-1,-1,-1,-1,-1,-1,-1,
,,-1,-1,-1,-1,-1,-1,-1,-1,-1,-1,-1,-1,-1,-1,-1,
,,-1,-1,-1,-1,-1,-1,-1,-1,-1,-1,-1,-1,-1,-1,-1,
,,-1,-1,-1,-1,-1,-1,-1,-1,-1,-1,-1,-1,-1,-1,-1,
,,-1,-1,-1,-1,-1,-1,-1,-1,-1,-1,-1,-1,-1,-1,-1,
,,-1,-1,-1,-1,-1,-1,-1,-1,-1,-1,-1,-1,-1,-1,-1,
,,-1,-1,-1,-1,-1,-1,0,-1,-1,-1,-1,-1,-1,-1,-1,
,,-1,-1,-1,-1,-1,-1,-1,-1,-1,-1,-1,-1,-1,-1,-1,
,,-1,-1,-1,-1,-1,-1,-1,-1,-1,-1,-1,-1,-1,-1,-1,
,,-1,-1,-1,-1,-1,-1,-1,-1,-1,-1,-1,-1,-1,-1,-1,
,,-1,-1,-1,-1,-1,-1,-1,-1,-1,-1,-1,-1,-1,-1,-1,
,,-1,-1,-1,-1,-1,-1,-1,-1,-1,-1,-1,-1,-1,-1,-1,
,,-1,-1,-1,-1,-1,-1,-1,-1,-1,-1,-1,-1,-1,-1,-1,
,,-1,-1,-1,-1,-1,-1,-1,-1,-1,-1,-1,-1,-1,-1,-1,
,,7,6,0,0,0,0,0,0,0,0,0,0,0,0,0,
,0002 teme
,,-1,-1,-1,-1,-1,-1,-1,-1,-1,-1,-1,-1,-1,-1,-1,
,,-1,-1,-1,-1,-1,-1,-1,-1,-1,-1,-1,-1,-1,-1,-1,
,,-1,-1,-1,-1,-1,-1,-1,-1,-1,-1,-1,-1,-1,-1,-1,
,,-1,-1,-1,-1,-1,-1,-1,-1,-1,-1,-1,-1,-1,-1,-1,
,,-1,-1,-1,-1,-1,-1,-1,-1,-1,-1,-1,-1,-1,-1,-1,
,,-1,-1,-1,-1,-1,-1,-1,-1,-1,-1,-1,-1,-1,-1,-1,
,,-1,-1,-1,-1,-1,-1,-1,-1,-1,-1,-1,-1,-1,-1,-1,
,,-1,-1,-1,-1,-1,-1,0,1,-1,-1,-1,-1,-1,-1,-1,
,,-1,-1,-1,-1,-1,-1,-1,-1,-1,-1,-1,-1,-1,-1,-1,
,,-1,-1,-1,-1,-1,-1,-1,-1,-1,-1,-1,-1,-1,-1,-1,
,,-1,-1,-1,-1,-1,-1,-1,-1,-1,-1,-1,-1,-1,-1,-1,
,,-1,-1,-1,-1,-1,-1,-1,-1,-1,-1,-1,-1,-1,-1,-1,
,,-1,-1,-1,-1,-1,-1,-1,-1,-1,-1,-1,-1,-1,-1,-1,
,,-1,-1,-1,-1,-1,-1,-1,-1,-1,-1,-1,-1,-1,-1,-1,
,,-1,-1,-1,-1,-1,-1,-1,-1,-1,-1,-1,-1,-1,-1,-1,
,,7,7,0,0,0,0,0,0,0,0,0,0,0,0,0,
,0003 teme
,,-1,-1,-1,-1,-1,-1,-1,-1,-1,-1,-1,-1,-1,-1,-1,
,,-1,-1,-1,-1,-1,-1,-1,-1,-1,-1,-1,-1,-1,-1,-1,
,,-1,-1,-1,-1,-1,-1,-1,-1,-1,-1,-1,-1,-1,-1,-1,
,,-1,-1,-1,-1,-1,-1,-1,-1,-1,-1,-1,-1,-1,-1,-1,
,,-1,-1,-1,-1,-1,-1,-1,-1,-1,-1,-1,-1,-1,-1,-1,
,,-1,-1,-1,-1,-1,-1,-1,-1,-1,-1,-1,-1,-1,-1,-1,
,,-1,-1,-1,-1,-1,-1,-1,-1,-1,-1,-1,-1,-1,-1,-1,
,,-1,-1,-1,-1,-1,-1,0,1,-1,-1,-1,-1,-1,-1,-1,
,,-1,-1,-1,-1,-1,-1,-1,0,-1,-1,-1,-1,-1,-1,-1,
,,-1,-1,-1,-1,-1,-1,-1,-1,-1,-1,-1,-1,-1,-1,-1,
,,-1,-1,-1,-1,-1,-1,-1,-1,-1,-1,-1,-1,-1,-1,-1,
,,-1,-1,-1,-1,-1,-1,-1,-1,-1,-1,-1,-1,-1,-1,-1,
,,-1,-1,-1,-1,-1,-1,-1,-1,-1,-1,-1,-1,-1,-1,-1,
,,-1,-1,-1,-1,-1,-1,-1,-1,-1,-1,-1,-1,-1,-1,-1,
,,-1,-1,-1,-1,-1,-1,-1,-1,-1,-1,-1,-1,-1,-1,-1,
,,8,7,0,0,0,0,0,0,0,0,0,0,0,0,0,
,0004 teme
,,-1,-1,-1,-1,-1,-1,-1,-1,-1,-1,-1,-1,-1,-1,-1,
,,-1,-1,-1,-1,-1,-1,-1,-1,-1,-1,-1,-1,-1,-1,-1,
,,-1,-1,-1,-1,-1,-1,-1,-1,-1,-1,-1,-1,-1,-1,-1,
,,-1,-1,-1,-1,-1,-1,-1,-1,-1,-1,-1,-1,-1,-1,-1,
,,-1,-1,-1,-1,-1,-1,-1,-1,-1,-1,-1,-1,-1,-1,-1,
,,-1,-1,-1,-1,-1,-1,-1,-1,-1,-1,-1,-1,-1,-1,-1,
,,-1,-1,-1,-1,-1,-1,-1,-1,-1,-1,-1,-1,-1,-1,-1,
,,-1,-1,-1,-1,-1,-1,0,1,1,-1,-1,-1,-1,-1,-1,
,,-1,-1,-1,-1,-1,-1,-1,0,-1,-1,-1,-1,-1,-1,-1,
,,-1,-1,-1,-1,-1,-1,-1,-1,-1,-1,-1,-1,-1,-1,-1,
,,-1,-1,-1,-1,-1,-1,-1,-1,-1,-1,-1,-1,-1,-1,-1,
,,-1,-1,-1,-1,-1,-1,-1,-1,-1,-1,-1,-1,-1,-1,-1,
,,-1,-1,-1,-1,-1,-1,-1,-1,-1,-1,-1,-1,-1,-1,-1,
,,-1,-1,-1,-1,-1,-1,-1,-1,-1,-1,-1,-1,-1,-1,-1,
,,-1,-1,-1,-1,-1,-1,-1,-1,-1,-1,-1,-1,-1,-1,-1,
,,7,8,0,0,0,0,0,0,0,0,0,0,0,0,0,
,0005 teme
,,-1,-1,-1,-1,-1,-1,-1,-1,-1,-1,-1,-1,-1,-1,-1,
,,-1,-1,-1,-1,-1,-1,-1,-1,-1,-1,-1,-1,-1,-1,-1,
,,-1,-1,-1,-1,-1,-1,-1,-1,-1,-1,-1,-1,-1,-1,-1,
,,-1,-1,-1,-1,-1,-1,-1,-1,-1,-1,-1,-1,-1,-1,-1,
,,-1,-1,-1,-1,-1,-1,-1,-1,-1,-1,-1,-1,-1,-1,-1,
,,-1,-1,-1,-1,-1,-1,-1,-1,-1,-1,-1,-1,-1,-1,-1,
,,-1,-1,-1,-1,-1,-1,-1,0,-1,-1,-1,-1,-1,-1,-1,
,,-1,-1,-1,-1,-1,-1,0,1,1,-1,-1,-1,-1,-1,-1,
,,-1,-1,-1,-1,-1,-1,-1,0,-1,-1,-1,-1,-1,-1,-1,
,,-1,-1,-1,-1,-1,-1,-1,-1,-1,-1,-1,-1,-1,-1,-1,
,,-1,-1,-1,-1,-1,-1,-1,-1,-1,-1,-1,-1,-1,-1,-1,
,,-1,-1,-1,-1,-1,-1,-1,-1,-1,-1,-1,-1,-1,-1,-1,
,,-1,-1,-1,-1,-1,-1,-1,-1,-1,-1,-1,-1,-1,-1,-1,
,,-1,-1,-1,-1,-1,-1,-1,-1,-1,-1,-1,-1,-1,-1,-1,
,,-1,-1,-1,-1,-1,-1,-1,-1,-1,-1,-1,-1,-1,-1,-1,
,,6,7,0,0,0,0,0,0,0,0,0,0,0,0,0,
,0006 teme
,,-1,-1,-1,-1,-1,-1,-1,-1,-1,-1,-1,-1,-1,-1,-1,
,,-1,-1,-1,-1,-1,-1,-1,-1,-1,-1,-1,-1,-1,-1,-1,
,,-1,-1,-1,-1,-1,-1,-1,-1,-1,-1,-1,-1,-1,-1,-1,
,,-1,-1,-1,-1,-1,-1,-1,-1,-1,-1,-1,-1,-1,-1,-1,
,,-1,-1,-1,-1,-1,-1,-1,-1,-1,-1,-1,-1,-1,-1,-1,
,,-1,-1,-1,-1,-1,-1,-1,-1,-1,-1,-1,-1,-1,-1,-1,
,,-1,-1,-1,-1,-1,-1,-1,0,-1,-1,-1,-1,-1,-1,-1,
,,-1,-1,-1,-1,-1,-1,0,1,1,1,-1,-1,-1,-1,-1,
,,-1,-1,-1,-1,-1,-1,-1,0,-1,-1,-1,-1,-1,-1,-1,
,,-1,-1,-1,-1,-1,-1,-1,-1,-1,-1,-1,-1,-1,-1,-1,
,,-1,-1,-1,-1,-1,-1,-1,-1,-1,-1,-1,-1,-1,-1,-1,
,,-1,-1,-1,-1,-1,-1,-1,-1,-1,-1,-1,-1,-1,-1,-1,
,,-1,-1,-1,-1,-1,-1,-1,-1,-1,-1,-1,-1,-1,-1,-1,
,,-1,-1,-1,-1,-1,-1,-1,-1,-1,-1,-1,-1,-1,-1,-1,
,,-1,-1,-1,-1,-1,-1,-1,-1,-1,-1,-1,-1,-1,-1,-1,
,,7,9,0,0,0,0,0,0,0,0,0,0,0,0,0,
,0007 teme
,,-1,-1,-1,-1,-1,-1,-1,-1,-1,-1,-1,-1,-1,-1,-1,
,,-1,-1,-1,-1,-1,-1,-1,-1,-1,-1,-1,-1,-1,-1,-1,
,,-1,-1,-1,-1,-1,-1,-1,-1,-1,-1,-1,-1,-1,-1,-1,
,,-1,-1,-1,-1,-1,-1,-1,-1,-1,-1,-1,-1,-1,-1,-1,
,,-1,-1,-1,-1,-1,-1,-1,-1,-1,-1,-1,-1,-1,-1,-1,
,,-1,-1,-1,-1,-1,-1,-1,-1,-1,-1,-1,-1,-1,-1,-1,
,,-1,-1,-1,-1,-1,-1,-1,0,-1,-1,-1,-1,-1,-1,-1,
,,-1,-1,-1,-1,-1,-1,0,1,1,1,-1,-1,-1,-1,-1,
,,-1,-1,-1,-1,-1,-1,-1,0,-1,-1,-1,-1,-1,-1,-1,
,,-1,-1,-1,-1,-1,-1,-1,-1,0,-1,-1,-1,-1,-1,-1,
,,-1,-1,-1,-1,-1,-1,-1,-1,-1,-1,-1,-1,-1,-1,-1,
,,-1,-1,-1,-1,-1,-1,-1,-1,-1,-1,-1,-1,-1,-1,-1,
,,-1,-1,-1,-1,-1,-1,-1,-1,-1,-1,-1,-1,-1,-1,-1,
,,-1,-1,-1,-1,-1,-1,-1,-1,-1,-1,-1,-1,-1,-1,-1,
,,-1,-1,-1,-1,-1,-1,-1,-1,-1,-1,-1,-1,-1,-1,-1,
,,9,8,0,0,0,0,0,0,0,0,0,0,0,0,0,
,0008 teme
,,-1,-1,-1,-1,-1,-1,-1,-1,-1,-1,-1,-1,-1,-1,-1,
,,-1,-1,-1,-1,-1,-1,-1,-1,-1,-1,-1,-1,-1,-1,-1,
,,-1,-1,-1,-1,-1,-1,-1,-1,-1,-1,-1,-1,-1,-1,-1,
,,-1,-1,-1,-1,-1,-1,-1,-1,-1,-1,-1,-1,-1,-1,-1,
,,-1,-1,-1,-1,-1,-1,-1,-1,-1,-1,-1,-1,-1,-1,-1,
,,-1,-1,-1,-1,-1,-1,-1,-1,-1,-1,-1,-1,-1,-1,-1,
,,-1,-1,-1,-1,-1,1,-1,0,-1,-1,-1,-1,-1,-1,-1,
,,-1,-1,-1,-1,-1,-1,0,1,1,1,-1,-1,-1,-1,-1,
,,-1,-1,-1,-1,-1,-1,-1,0,-1,-1,-1,-1,-1,-1,-1,
,,-1,-1,-1,-1,-1,-1,-1,-1,0,-1,-1,-1,-1,-1,-1,
,,-1,-1,-1,-1,-1,-1,-1,-1,-1,-1,-1,-1,-1,-1,-1,
,,-1,-1,-1,-1,-1,-1,-1,-1,-1,-1,-1,-1,-1,-1,-1,
,,-1,-1,-1,-1,-1,-1,-1,-1,-1,-1,-1,-1,-1,-1,-1,
,,-1,-1,-1,-1,-1,-1,-1,-1,-1,-1,-1,-1,-1,-1,-1,
,,-1,-1,-1,-1,-1,-1,-1,-1,-1,-1,-1,-1,-1,-1,-1,
,,6,5,0,0,0,0,0,0,0,0,0,0,0,0,0,
,0009 teme
,,-1,-1,-1,-1,-1,-1,-1,-1,-1,-1,-1,-1,-1,-1,-1,
,,-1,-1,-1,-1,-1,-1,-1,-1,-1,-1,-1,-1,-1,-1,-1,
,,-1,-1,-1,-1,-1,-1,-1,-1,-1,-1,-1,-1,-1,-1,-1,
,,-1,-1,-1,-1,-1,-1,-1,-1,-1,-1,-1,-1,-1,-1,-1,
,,-1,-1,-1,-1,-1,-1,-1,-1,-1,-1,-1,-1,-1,-1,-1,
,,-1,-1,-1,-1,-1,-1,-1,-1,-1,-1,-1,-1,-1,-1,-1,
,,-1,-1,-1,-1,-1,1,-1,0,-1,-1,-1,-1,-1,-1,-1,
,,-1,-1,-1,-1,-1,-1,0,1,1,1,-1,-1,-1,-1,-1,
,,-1,-1,-1,-1,-1,-1,-1,0,-1,-1,-1,-1,-1,-1,-1,
,,-1,-1,-1,-1,-1,-1,-1,-1,0,-1,-1,-1,-1,-1,-1,
,,-1,-1,-1,-1,-1,-1,-1,-1,-1,0,-1,-1,-1,-1,-1,
,,-1,-1,-1,-1,-1,-1,-1,-1,-1,-1,-1,-1,-1,-1,-1,
,,-1,-1,-1,-1,-1,-1,-1,-1,-1,-1,-1,-1,-1,-1,-1,
,,-1,-1,-1,-1,-1,-1,-1,-1,-1,-1,-1,-1,-1,-1,-1,
,,-1,-1,-1,-1,-1,-1,-1,-1,-1,-1,-1,-1,-1,-1,-1,
,,10,9,0,0,0,0,0,0,0,0,0,0,0,0,0,
,0010 teme
,,-1,-1,-1,-1,-1,-1,-1,-1,-1,-1,-1,-1,-1,-1,-1,
,,-1,-1,-1,-1,-1,-1,-1,-1,-1,-1,-1,-1,-1,-1,-1,
,,-1,-1,-1,-1,-1,-1,-1,-1,-1,-1,-1,-1,-1,-1,-1,
,,-1,-1,-1,-1,-1,-1,-1,-1,-1,-1,-1,-1,-1,-1,-1,
,,-1,-1,-1,-1,-1,-1,-1,-1,-1,-1,-1,-1,-1,-1,-1,
,,-1,-1,-1,-1,-1,-1,-1,-1,-1,-1,-1,-1,-1,-1,-1,
,,-1,-1,-1,-1,-1,1,-1,0,-1,-1,-1,-1,-1,-1,-1,
,,-1,-1,-1,-1,-1,-1,0,1,1,1,-1,-1,-1,-1,-1,
,,-1,-1,-1,-1,-1,-1,-1,0,-1,-1,-1,-1,-1,-1,-1,
,,-1,-1,-1,-1,-1,-1,-1,-1,0,-1,-1,-1,-1,-1,-1,
,,-1,-1,-1,-1,-1,-1,-1,-1,-1,0,-1,-1,-1,-1,-1,
,,-1,-1,-1,-1,-1,-1,-1,-1,-1,-1,1,-1,-1,-1,-1,
,,-1,-1,-1,-1,-1,-1,-1,-1,-1,-1,-1,-1,-1,-1,-1,
,,-1,-1,-1,-1,-1,-1,-1,-1,-1,-1,-1,-1,-1,-1,-1,
,,-1,-1,-1,-1,-1,-1,-1,-1,-1,-1,-1,-1,-1,-1,-1,
,,11,10,0,0,0,0,0,0,0,0,0,0,0,0,0,
,0011 teme
,,-1,-1,-1,-1,-1,-1,-1,-1,-1,-1,-1,-1,-1,-1,-1,
,,-1,-1,-1,-1,-1,-1,-1,-1,-1,-1,-1,-1,-1,-1,-1,
,,-1,-1,-1,-1,-1,-1,-1,-1,-1,-1,-1,-1,-1,-1,-1,
,,-1,-1,-1,-1,-1,-1,-1,-1,-1,-1,-1,-1,-1,-1,-1,
,,-1,-1,-1,-1,-1,-1,-1,-1,-1,-1,-1,-1,-1,-1,-1,
,,-1,-1,-1,-1,-1,-1,-1,-1,0,-1,-1,-1,-1,-1,-1,
,,-1,-1,-1,-1,-1,1,-1,0,-1,-1,-1,-1,-1,-1,-1,
,,-1,-1,-1,-1,-1,-1,0,1,1,1,-1,-1,-1,-1,-1,
,,-1,-1,-1,-1,-1,-1,-1,0,-1,-1,-1,-1,-1,-1,-1,
,,-1,-1,-1,-1,-1,-1,-1,-1,0,-1,-1,-1,-1,-1,-1,
,,-1,-1,-1,-1,-1,-1,-1,-1,-1,0,-1,-1,-1,-1,-1,
,,-1,-1,-1,-1,-1,-1,-1,-1,-1,-1,1,-1,-1,-1,-1,
,,-1,-1,-1,-1,-1,-1,-1,-1,-1,-1,-1,-1,-1,-1,-1,
,,-1,-1,-1,-1,-1,-1,-1,-1,-1,-1,-1,-1,-1,-1,-1,
,,-1,-1,-1,-1,-1,-1,-1,-1,-1,-1,-1,-1,-1,-1,-1,
,,5,8,0,0,0,0,0,0,0,0,0,0,0,0,0,
,0012 teme
,,-1,-1,-1,-1,-1,-1,-1,-1,-1,-1,-1,-1,-1,-1,-1,
,,-1,-1,-1,-1,-1,-1,-1,-1,-1,-1,-1,-1,-1,-1,-1,
,,-1,-1,-1,-1,-1,-1,-1,-1,-1,-1,-1,-1,-1,-1,-1,
,,-1,-1,-1,-1,-1,-1,-1,-1,-1,-1,-1,-1,-1,-1,-1,
,,-1,-1,-1,-1,-1,-1,-1,-1,-1,1,-1,-1,-1,-1,-1,
,,-1,-1,-1,-1,-1,-1,-1,-1,0,-1,-1,-1,-1,-1,-1,
,,-1,-1,-1,-1,-1,1,-1,0,-1,-1,-1,-1,-1,-1,-1,
,,-1,-1,-1,-1,-1,-1,0,1,1,1,-1,-1,-1,-1,-1,
,,-1,-1,-1,-1,-1,-1,-1,0,-1,-1,-1,-1,-1,-1,-1,
,,-1,-1,-1,-1,-1,-1,-1,-1,0,-1,-1,-1,-1,-1,-1,
,,-1,-1,-1,-1,-1,-1,-1,-1,-1,0,-1,-1,-1,-1,-1,
,,-1,-1,-1,-1,-1,-1,-1,-1,-1,-1,1,-1,-1,-1,-1,
,,-1,-1,-1,-1,-1,-1,-1,-1,-1,-1,-1,-1,-1,-1,-1,
,,-1,-1,-1,-1,-1,-1,-1,-1,-1,-1,-1,-1,-1,-1,-1,
,,-1,-1,-1,-1,-1,-1,-1,-1,-1,-1,-1,-1,-1,-1,-1,
,,4,9,0,0,0,0,0,0,0,0,0,0,0,0,0,
,0013 teme
,,-1,-1,-1,-1,-1,-1,-1,-1,-1,-1,-1,-1,-1,-1,-1,
,,-1,-1,-1,-1,-1,-1,-1,-1,-1,-1,-1,-1,-1,-1,-1,
,,-1,-1,-1,-1,-1,-1,-1,-1,-1,-1,-1,-1,-1,-1,-1,
,,-1,-1,-1,-1,-1,-1,-1,-1,-1,-1,-1,-1,-1,-1,-1,
,,-1,-1,-1,-1,-1,-1,-1,-1,-1,1,-1,-1,-1,-1,-1,
,,-1,-1,-1,-1,-1,-1,-1,-1,0,-1,-1,-1,-1,-1,-1,
,,-1,-1,-1,-1,-1,1,-1,0,-1,-1,-1,-1,-1,-1,-1,
,,-1,-1,-1,-1,-1,-1,0,1,1,1,-1,-1,-1,-1,-1,
,,-1,-1,-1,-1,-1,0,-1,0,-1,-1,-1,-1,-1,-1,-1,
,,-1,-1,-1,-1,-1,-1,-1,-1,0,-1,-1,-1,-1,-1,-1,
,,-1,-1,-1,-1,-1,-1,-1,-1,-1,0,-1,-1,-1,-1,-1,
,,-1,-1,-1,-1,-1,-1,-1,-1,-1,-1,1,-1,-1,-1,-1,
,,-1,-1,-1,-1,-1,-1,-1,-1,-1,-1,-1,-1,-1,-1,-1,
,,-1,-1,-1,-1,-1,-1,-1,-1,-1,-1,-1,-1,-1,-1,-1,
,,-1,-1,-1,-1,-1,-1,-1,-1,-1,-1,-1,-1,-1,-1,-1,
,,8,5,0,0,0,0,0,0,0,0,0,0,0,0,0,
,0014 teme
,,-1,-1,-1,-1,-1,-1,-1,-1,-1,-1,-1,-1,-1,-1,-1,
,,-1,-1,-1,-1,-1,-1,-1,-1,-1,-1,-1,-1,-1,-1,-1,
,,-1,-1,-1,-1,-1,-1,-1,-1,-1,-1,-1,-1,-1,-1,-1,
,,-1,-1,-1,-1,-1,-1,-1,-1,-1,-1,-1,-1,-1,-1,-1,
,,-1,-1,-1,-1,-1,-1,-1,-1,-1,1,-1,-1,-1,-1,-1,
,,-1,-1,-1,-1,-1,-1,-1,-1,0,-1,-1,-1,-1,-1,-1,
,,-1,-1,-1,-1,-1,1,-1,0,-1,-1,-1,-1,-1,-1,-1,
,,-1,-1,-1,-1,-1,-1,0,1,1,1,-1,-1,-1,-1,-1,
,,-1,-1,-1,-1,-1,0,-1,0,-1,-1,-1,-1,-1,-1,-1,
,,-1,-1,-1,-1,1,-1,-1,-1,0,-1,-1,-1,-1,-1,-1,
,,-1,-1,-1,-1,-1,-1,-1,-1,-1,0,-1,-1,-1,-1,-1,
,,-1,-1,-1,-1,-1,-1,-1,-1,-1,-1,1,-1,-1,-1,-1,
,,-1,-1,-1,-1,-1,-1,-1,-1,-1,-1,-1,-1,-1,-1,-1,
,,-1,-1,-1,-1,-1,-1,-1,-1,-1,-1,-1,-1,-1,-1,-1,
,,-1,-1,-1,-1,-1,-1,-1,-1,-1,-1,-1,-1,-1,-1,-1,
,,9,4,0,0,0,0,0,0,0,0,0,0,0,0,0,
,0015 teme
,,-1,-1,-1,-1,-1,-1,-1,-1,-1,-1,-1,-1,-1,-1,-1,
,,-1,-1,-1,-1,-1,-1,-1,-1,-1,-1,-1,-1,-1,-1,-1,
,,-1,-1,-1,-1,-1,-1,-1,-1,-1,-1,-1,-1,-1,-1,-1,
,,-1,-1,-1,-1,-1,-1,-1,-1,-1,-1,-1,-1,-1,-1,-1,
,,-1,-1,-1,-1,-1,-1,-1,-1,-1,1,-1,-1,-1,-1,-1,
,,-1,-1,-1,-1,-1,-1,-1,-1,0,-1,-1,-1,-1,-1,-1,
,,-1,-1,-1,-1,-1,1,-1,0,-1,-1,-1,-1,-1,-1,-1,
,,-1,-1,-1,-1,-1,-1,0,1,1,1,-1,-1,-1,-1,-1,
,,-1,-1,-1,-1,-1,0,-1,0,0,-1,-1,-1,-1,-1,-1,
,,-1,-1,-1,-1,1,-1,-1,-1,0,-1,-1,-1,-1,-1,-1,
,,-1,-1,-1,-1,-1,-1,-1,-1,-1,0,-1,-1,-1,-1,-1,
,,-1,-1,-1,-1,-1,-1,-1,-1,-1,-1,1,-1,-1,-1,-1,
,,-1,-1,-1,-1,-1,-1,-1,-1,-1,-1,-1,-1,-1,-1,-1,
,,-1,-1,-1,-1,-1,-1,-1,-1,-1,-1,-1,-1,-1,-1,-1,
,,-1,-1,-1,-1,-1,-1,-1,-1,-1,-1,-1,-1,-1,-1,-1,
,,8,8,0,0,0,0,0,0,0,0,0,0,0,0,0,
,0016 teme
,,-1,-1,-1,-1,-1,-1,-1,-1,-1,-1,-1,-1,-1,-1,-1,
,,-1,-1,-1,-1,-1,-1,-1,-1,-1,-1,-1,-1,-1,-1,-1,
,,-1,-1,-1,-1,-1,-1,-1,-1,-1,-1,-1,-1,-1,-1,-1,
,,-1,-1,-1,-1,-1,-1,-1,-1,-1,-1,-1,-1,-1,-1,-1,
,,-1,-1,-1,-1,-1,-1,-1,-1,-1,1,-1,-1,-1,-1,-1,
,,-1,-1,-1,-1,-1,-1,-1,-1,0,-1,-1,-1,-1,-1,-1,
,,-1,-1,-1,-1,-1,1,-1,0,-1,-1,-1,-1,-1,-1,-1,
,,-1,-1,-1,-1,-1,-1,0,1,1,1,-1,-1,-1,-1,-1,
,,-1,-1,-1,-1,-1,0,1,0,0,-1,-1,-1,-1,-1,-1,
,,-1,-1,-1,-1,1,-1,-1,-1,0,-1,-1,-1,-1,-1,-1,
,,-1,-1,-1,-1,-1,-1,-1,-1,-1,0,-1,-1,-1,-1,-1,
,,-1,-1,-1,-1,-1,-1,-1,-1,-1,-1,1,-1,-1,-1,-1,
,,-1,-1,-1,-1,-1,-1,-1,-1,-1,-1,-1,-1,-1,-1,-1,
,,-1,-1,-1,-1,-1,-1,-1,-1,-1,-1,-1,-1,-1,-1,-1,
,,-1,-1,-1,-1,-1,-1,-1,-1,-1,-1,-1,-1,-1,-1,-1,
,,8,6,0,0,0,0,0,0,0,0,0,0,0,0,0,
,0017 teme
,,-1,-1,-1,-1,-1,-1,-1,-1,-1,-1,-1,-1,-1,-1,-1,
,,-1,-1,-1,-1,-1,-1,-1,-1,-1,-1,-1,-1,-1,-1,-1,
,,-1,-1,-1,-1,-1,-1,-1,-1,-1,-1,-1,-1,-1,-1,-1,
,,-1,-1,-1,-1,-1,-1,-1,-1,-1,-1,-1,-1,-1,-1,-1,
,,-1,-1,-1,-1,-1,-1,-1,-1,-1,1,-1,-1,-1,-1,-1,
,,-1,-1,-1,-1,-1,-1,-1,-1,0,-1,-1,-1,-1,-1,-1,
,,-1,-1,-1,-1,-1,1,-1,0,-1,-1,-1,-1,-1,-1,-1,
,,-1,-1,-1,-1,-1,-1,0,1,1,1,-1,-1,-1,-1,-1,
,,-1,-1,-1,-1,-1,0,1,0,0,-1,-1,-1,-1,-1,-1,
,,-1,-1,-1,-1,1,-1,-1,0,0,-1,-1,-1,-1,-1,-1,
,,-1,-1,-1,-1,-1,-1,-1,-1,-1,0,-1,-1,-1,-1,-1,
,,-1,-1,-1,-1,-1,-1,-1,-1,-1,-1,1,-1,-1,-1,-1,
,,-1,-1,-1,-1,-1,-1,-1,-1,-1,-1,-1,-1,-1,-1,-1,
,,-1,-1,-1,-1,-1,-1,-1,-1,-1,-1,-1,-1,-1,-1,-1,
,,-1,-1,-1,-1,-1,-1,-1,-1,-1,-1,-1,-1,-1,-1,-1,
,,9,7,0,0,0,0,0,0,0,0,0,0,0,0,0,
,0018 teme
,,-1,-1,-1,-1,-1,-1,-1,-1,-1,-1,-1,-1,-1,-1,-1,
,,-1,-1,-1,-1,-1,-1,-1,-1,-1,-1,-1,-1,-1,-1,-1,
,,-1,-1,-1,-1,-1,-1,-1,-1,-1,-1,-1,-1,-1,-1,-1,
,,-1,-1,-1,-1,-1,-1,-1,-1,-1,-1,-1,-1,-1,-1,-1,
,,-1,-1,-1,-1,-1,-1,-1,-1,-1,1,-1,-1,-1,-1,-1,
,,-1,-1,-1,-1,-1,-1,-1,-1,0,-1,-1,-1,-1,-1,-1,
,,-1,-1,-1,-1,-1,1,-1,0,-1,-1,-1,-1,-1,-1,-1,
,,-1,-1,-1,-1,-1,-1,0,1,1,1,-1,-1,-1,-1,-1,
,,-1,-1,-1,-1,-1,0,1,0,0,1,-1,-1,-1,-1,-1,
,,-1,-1,-1,-1,1,-1,-1,0,0,-1,-1,-1,-1,-1,-1,
,,-1,-1,-1,-1,-1,-1,-1,-1,-1,0,-1,-1,-1,-1,-1,
,,-1,-1,-1,-1,-1,-1,-1,-1,-1,-1,1,-1,-1,-1,-1,
,,-1,-1,-1,-1,-1,-1,-1,-1,-1,-1,-1,-1,-1,-1,-1,
,,-1,-1,-1,-1,-1,-1,-1,-1,-1,-1,-1,-1,-1,-1,-1,
,,-1,-1,-1,-1,-1,-1,-1,-1,-1,-1,-1,-1,-1,-1,-1,
,,8,9,0,0,0,0,0,0,0,0,0,0,0,0,0,
,0019 teme
,,-1,-1,-1,-1,-1,-1,-1,-1,-1,-1,-1,-1,-1,-1,-1,
,,-1,-1,-1,-1,-1,-1,-1,-1,-1,-1,-1,-1,-1,-1,-1,
,,-1,-1,-1,-1,-1,-1,-1,-1,-1,-1,-1,-1,-1,-1,-1,
,,-1,-1,-1,-1,-1,-1,-1,-1,-1,-1,-1,-1,-1,-1,-1,
,,-1,-1,-1,-1,-1,-1,-1,-1,-1,1,-1,-1,-1,-1,-1,
,,-1,-1,-1,-1,-1,-1,-1,-1,0,-1,-1,-1,-1,-1,-1,
,,-1,-1,-1,-1,-1,1,-1,0,-1,-1,-1,-1,-1,-1,-1,
,,-1,-1,-1,-1,-1,-1,0,1,1,1,-1,-1,-1,-1,-1,
,,-1,-1,-1,-1,-1,0,1,0,0,1,-1,-1,-1,-1,-1,
,,-1,-1,-1,-1,1,-1,-1,0,0,0,-1,-1,-1,-1,-1,
,,-1,-1,-1,-1,-1,-1,-1,-1,-1,0,-1,-1,-1,-1,-1,
,,-1,-1,-1,-1,-1,-1,-1,-1,-1,-1,1,-1,-1,-1,-1,
,,-1,-1,-1,-1,-1,-1,-1,-1,-1,-1,-1,-1,-1,-1,-1,
,,-1,-1,-1,-1,-1,-1,-1,-1,-1,-1,-1,-1,-1,-1,-1,
,,-1,-1,-1,-1,-1,-1,-1,-1,-1,-1,-1,-1,-1,-1,-1,
,,9,9,0,0,0,0,0,0,0,0,0,0,0,0,0,
,0020 teme
,,-1,-1,-1,-1,-1,-1,-1,-1,-1,-1,-1,-1,-1,-1,-1,
,,-1,-1,-1,-1,-1,-1,-1,-1,-1,-1,-1,-1,-1,-1,-1,
,,-1,-1,-1,-1,-1,-1,-1,-1,-1,-1,-1,-1,-1,-1,-1,
,,-1,-1,-1,-1,-1,-1,-1,-1,-1,-1,-1,-1,-1,-1,-1,
,,-1,-1,-1,-1,-1,-1,-1,-1,-1,1,-1,-1,-1,-1,-1,
,,-1,-1,-1,-1,-1,-1,-1,-1,0,-1,-1,-1,-1,-1,-1,
,,-1,-1,-1,-1,-1,1,-1,0,-1,-1,-1,-1,-1,-1,-1,
,,-1,-1,-1,-1,-1,-1,0,1,1,1,-1,-1,-1,-1,-1,
,,-1,-1,-1,-1,-1,0,1,0,0,1,-1,-1,-1,-1,-1,
,,-1,-1,-1,-1,1,-1,1,0,0,0,-1,-1,-1,-1,-1,
,,-1,-1,-1,-1,-1,-1,-1,-1,-1,0,-1,-1,-1,-1,-1,
,,-1,-1,-1,-1,-1,-1,-1,-1,-1,-1,1,-1,-1,-1,-1,
,,-1,-1,-1,-1,-1,-1,-1,-1,-1,-1,-1,-1,-1,-1,-1,
,,-1,-1,-1,-1,-1,-1,-1,-1,-1,-1,-1,-1,-1,-1,-1,
,,-1,-1,-1,-1,-1,-1,-1,-1,-1,-1,-1,-1,-1,-1,-1,
,,9,6,0,0,0,0,0,0,0,0,0,0,0,0,0,
,0021 teme
,,-1,-1,-1,-1,-1,-1,-1,-1,-1,-1,-1,-1,-1,-1,-1,
,,-1,-1,-1,-1,-1,-1,-1,-1,-1,-1,-1,-1,-1,-1,-1,
,,-1,-1,-1,-1,-1,-1,-1,-1,-1,-1,-1,-1,-1,-1,-1,
,,-1,-1,-1,-1,-1,-1,-1,-1,-1,-1,-1,-1,-1,-1,-1,
,,-1,-1,-1,-1,-1,-1,-1,-1,-1,1,-1,-1,-1,-1,-1,
,,-1,-1,-1,-1,-1,-1,-1,-1,0,-1,-1,-1,-1,-1,-1,
,,-1,-1,-1,-1,-1,1,-1,0,-1,-1,-1,-1,-1,-1,-1,
,,-1,-1,-1,-1,-1,-1,0,1,1,1,-1,-1,-1,-1,-1,
,,-1,-1,-1,-1,-1,0,1,0,0,1,-1,-1,-1,-1,-1,
,,-1,-1,-1,-1,1,-1,1,0,0,0,-1,-1,-1,-1,-1,
,,-1,-1,-1,-1,-1,-1,-1,-1,0,0,-1,-1,-1,-1,-1,
,,-1,-1,-1,-1,-1,-1,-1,-1,-1,-1,1,-1,-1,-1,-1,
,,-1,-1,-1,-1,-1,-1,-1,-1,-1,-1,-1,-1,-1,-1,-1,
,,-1,-1,-1,-1,-1,-1,-1,-1,-1,-1,-1,-1,-1,-1,-1,
,,-1,-1,-1,-1,-1,-1,-1,-1,-1,-1,-1,-1,-1,-1,-1,
,,10,8,0,0,0,0,0,0,0,0,0,0,0,0,0,
,0022 teme
,,-1,-1,-1,-1,-1,-1,-1,-1,-1,-1,-1,-1,-1,-1,-1,
,,-1,-1,-1,-1,-1,-1,-1,-1,-1,-1,-1,-1,-1,-1,-1,
,,-1,-1,-1,-1,-1,-1,-1,-1,-1,-1,-1,-1,-1,-1,-1,
,,-1,-1,-1,-1,-1,-1,-1,-1,-1,-1,-1,-1,-1,-1,-1,
,,-1,-1,-1,-1,-1,-1,-1,-1,-1,1,-1,-1,-1,-1,-1,
,,-1,-1,-1,-1,-1,-1,-1,-1,0,-1,-1,-1,-1,-1,-1,
,,-1,-1,-1,-1,-1,1,-1,0,-1,-1,-1,-1,-1,-1,-1,
,,-1,-1,-1,-1,-1,-1,0,1,1,1,-1,-1,-1,-1,-1,
,,-1,-1,-1,-1,-1,0,1,0,0,1,-1,-1,-1,-1,-1,
,,-1,-1,-1,-1,1,-1,1,0,0,0,1,-1,-1,-1,-1,
,,-1,-1,-1,-1,-1,-1,-1,-1,0,0,-1,-1,-1,-1,-1,
,,-1,-1,-1,-1,-1,-1,-1,-1,-1,-1,1,-1,-1,-1,-1,
,,-1,-1,-1,-1,-1,-1,-1,-1,-1,-1,-1,-1,-1,-1,-1,
,,-1,-1,-1,-1,-1,-1,-1,-1,-1,-1,-1,-1,-1,-1,-1,
,,-1,-1,-1,-1,-1,-1,-1,-1,-1,-1,-1,-1,-1,-1,-1,
,,9,10,0,0,0,0,0,0,0,0,0,0,0,0,0,
,0023 teme
,,-1,-1,-1,-1,-1,-1,-1,-1,-1,-1,-1,-1,-1,-1,-1,
,,-1,-1,-1,-1,-1,-1,-1,-1,-1,-1,-1,-1,-1,-1,-1,
,,-1,-1,-1,-1,-1,-1,-1,-1,-1,-1,-1,-1,-1,-1,-1,
,,-1,-1,-1,-1,-1,-1,-1,-1,-1,-1,-1,-1,-1,-1,-1,
,,-1,-1,-1,-1,-1,-1,-1,-1,-1,1,-1,-1,-1,-1,-1,
,,-1,-1,-1,-1,-1,-1,-1,-1,0,-1,-1,-1,-1,-1,-1,
,,-1,-1,-1,-1,-1,1,-1,0,-1,-1,-1,-1,-1,-1,-1,
,,-1,-1,-1,-1,-1,-1,0,1,1,1,-1,-1,-1,-1,-1,
,,-1,-1,-1,-1,-1,0,1,0,0,1,-1,-1,-1,-1,-1,
,,-1,-1,-1,-1,1,-1,1,0,0,0,1,-1,-1,-1,-1,
,,-1,-1,-1,-1,-1,-1,-1,0,0,0,-1,-1,-1,-1,-1,
,,-1,-1,-1,-1,-1,-1,-1,-1,-1,-1,1,-1,-1,-1,-1,
,,-1,-1,-1,-1,-1,-1,-1,-1,-1,-1,-1,-1,-1,-1,-1,
,,-1,-1,-1,-1,-1,-1,-1,-1,-1,-1,-1,-1,-1,-1,-1,
,,-1,-1,-1,-1,-1,-1,-1,-1,-1,-1,-1,-1,-1,-1,-1,
,,10,7,0,0,0,0,0,0,0,0,0,0,0,0,0,
,0024 teme
,,-1,-1,-1,-1,-1,-1,-1,-1,-1,-1,-1,-1,-1,-1,-1,
,,-1,-1,-1,-1,-1,-1,-1,-1,-1,-1,-1,-1,-1,-1,-1,
,,-1,-1,-1,-1,-1,-1,-1,-1,-1,-1,-1,-1,-1,-1,-1,
,,-1,-1,-1,-1,-1,-1,-1,-1,-1,-1,-1,-1,-1,-1,-1,
,,-1,-1,-1,-1,-1,-1,-1,-1,-1,1,-1,-1,-1,-1,-1,
,,-1,-1,-1,-1,-1,-1,-1,-1,0,-1,-1,-1,-1,-1,-1,
,,-1,-1,-1,-1,-1,1,-1,0,-1,-1,-1,-1,-1,-1,-1,
,,-1,-1,-1,-1,-1,-1,0,1,1,1,-1,-1,-1,-1,-1,
,,-1,-1,-1,-1,-1,0,1,0,0,1,-1,-1,-1,-1,-1,
,,-1,-1,-1,-1,1,-1,1,0,0,0,1,-1,-1,-1,-1,
,,-1,-1,-1,-1,-1,-1,-1,0,0,0,-1,-1,-1,-1,-1,
,,-1,-1,-1,-1,-1,-1,-1,1,-1,-1,1,-1,-1,-1,-1,
,,-1,-1,-1,-1,-1,-1,-1,-1,-1,-1,-1,-1,-1,-1,-1,
,,-1,-1,-1,-1,-1,-1,-1,-1,-1,-1,-1,-1,-1,-1,-1,
,,-1,-1,-1,-1,-1,-1,-1,-1,-1,-1,-1,-1,-1,-1,-1,
,,11,7,0,0,0,0,0,0,0,0,0,0,0,0,0,
,0025 teme
,,-1,-1,-1,-1,-1,-1,-1,-1,-1,-1,-1,-1,-1,-1,-1,
,,-1,-1,-1,-1,-1,-1,-1,-1,-1,-1,-1,-1,-1,-1,-1,
,,-1,-1,-1,-1,-1,-1,-1,-1,-1,-1,-1,-1,-1,-1,-1,
,,-1,-1,-1,-1,-1,-1,-1,-1,-1,-1,-1,-1,-1,-1,-1,
,,-1,-1,-1,-1,-1,-1,-1,-1,-1,1,-1,-1,-1,-1,-1,
,,-1,-1,-1,-1,-1,-1,-1,-1,0,-1,-1,-1,-1,-1,-1,
,,-1,-1,-1,-1,-1,1,-1,0,-1,-1,-1,-1,-1,-1,-1,
,,-1,-1,-1,-1,-1,-1,0,1,1,1,-1,-1,-1,-1,-1,
,,-1,-1,-1,-1,-1,0,1,0,0,1,-1,-1,-1,-1,-1,
,,-1,-1,-1,-1,1,-1,1,0,0,0,1,-1,-1,-1,-1,
,,-1,-1,-1,-1,-1,-1,0,0,0,0,-1,-1,-1,-1,-1,
,,-1,-1,-1,-1,-1,-1,-1,1,-1,-1,1,-1,-1,-1,-1,
,,-1,-1,-1,-1,-1,-1,-1,-1,-1,-1,-1,-1,-1,-1,-1,
,,-1,-1,-1,-1,-1,-1,-1,-1,-1,-1,-1,-1,-1,-1,-1,
,,-1,-1,-1,-1,-1,-1,-1,-1,-1,-1,-1,-1,-1,-1,-1,
,,10,6,0,0,0,0,0,0,0,0,0,0,0,0,0,
,0026 teme
,,-1,-1,-1,-1,-1,-1,-1,-1,-1,-1,-1,-1,-1,-1,-1,
,,-1,-1,-1,-1,-1,-1,-1,-1,-1,-1,-1,-1,-1,-1,-1,
,,-1,-1,-1,-1,-1,-1,-1,-1,-1,-1,-1,-1,-1,-1,-1,
,,-1,-1,-1,-1,-1,-1,-1,-1,-1,-1,-1,-1,-1,-1,-1,
,,-1,-1,-1,-1,-1,-1,-1,-1,-1,1,-1,-1,-1,-1,-1,
,,-1,-1,-1,-1,-1,-1,-1,-1,0,-1,-1,-1,-1,-1,-1,
,,-1,-1,-1,-1,-1,1,-1,0,-1,-1,-1,-1,-1,-1,-1,
,,-1,-1,-1,-1,-1,-1,0,1,1,1,-1,-1,-1,-1,-1,
,,-1,-1,-1,-1,-1,0,1,0,0,1,-1,-1,-1,-1,-1,
,,-1,-1,-1,-1,1,-1,1,0,0,0,1,-1,-1,-1,-1,
,,-1,-1,-1,-1,-1,-1,0,0,0,0,1,-1,-1,-1,-1,
,,-1,-1,-1,-1,-1,-1,-1,1,-1,-1,1,-1,-1,-1,-1,
,,-1,-1,-1,-1,-1,-1,-1,-1,-1,-1,-1,-1,-1,-1,-1,
,,-1,-1,-1,-1,-1,-1,-1,-1,-1,-1,-1,-1,-1,-1,-1,
,,-1,-1,-1,-1,-1,-1,-1,-1,-1,-1,-1,-1,-1,-1,-1,
,,10,10,0,0,0,0,0,0,0,0,0,0,0,0,0,
,0027 teme
,,-1,-1,-1,-1,-1,-1,-1,-1,-1,-1,-1,-1,-1,-1,-1,
,,-1,-1,-1,-1,-1,-1,-1,-1,-1,-1,-1,-1,-1,-1,-1,
,,-1,-1,-1,-1,-1,-1,-1,-1,-1,-1,-1,-1,-1,-1,-1,
,,-1,-1,-1,-1,-1,-1,-1,-1,-1,-1,-1,-1,-1,-1,-1,
,,-1,-1,-1,-1,-1,-1,-1,-1,-1,1,-1,-1,-1,-1,-1,
,,-1,-1,-1,-1,-1,-1,-1,-1,0,-1,-1,-1,-1,-1,-1,
,,-1,-1,-1,-1,-1,1,-1,0,-1,-1,-1,-1,-1,-1,-1,
,,-1,-1,-1,-1,-1,-1,0,1,1,1,-1,-1,-1,-1,-1,
,,-1,-1,-1,-1,-1,0,1,0,0,1,-1,-1,-1,-1,-1,
,,-1,-1,-1,-1,1,-1,1,0,0,0,1,-1,-1,-1,-1,
,,-1,-1,-1,-1,-1,0,0,0,0,0,1,-1,-1,-1,-1,
,,-1,-1,-1,-1,-1,-1,-1,1,-1,-1,1,-1,-1,-1,-1,
,,-1,-1,-1,-1,-1,-1,-1,-1,-1,-1,-1,-1,-1,-1,-1,
,,-1,-1,-1,-1,-1,-1,-1,-1,-1,-1,-1,-1,-1,-1,-1,
,,-1,-1,-1,-1,-1,-1,-1,-1,-1,-1,-1,-1,-1,-1,-1,
,,10,5,0,0,0,0,0,0,0,0,0,0,0,0,0,
